Time,Street 1,Street 2,Block,Fatal,Address
4-Jan-06,GRANVILLE ST BRIDGE,W 4TH AVE OFFRAMP,0,No,"GRANVILLE ST BRIDGE at W 4TH AVE OFFRAMP, Vancouver, BC, Canada"
7-Jan-06,SW MARINE DR,MACDONALD ST,0,No,"SW MARINE DR at MACDONALD ST, Vancouver, BC, Canada"
9-Jan-06,NANAIMO ST,E 10TH AVE,0,No,"NANAIMO ST at E 10TH AVE, Vancouver, BC, Canada"
11-Jan-06,E HASTINGS ST,PRINCESS AVE,0,No,"E HASTINGS ST at PRINCESS AVE, Vancouver, BC, Canada"
12-Jan-06,MAIN ST,E 16TH AVE,0,No,"MAIN ST at E 16TH AVE, Vancouver, BC, Canada"
21-Jan-06,SW MARINE DR,DUNBAR ST,0,No,"SW MARINE DR at DUNBAR ST, Vancouver, BC, Canada"
21-Jan-06,KINGSWAY,E 12TH AVE,0,No,"KINGSWAY at E 12TH AVE, Vancouver, BC, Canada"
27-Jan-06,QUEBEC ST,E 8TH AVE,0,No,"QUEBEC ST at E 8TH AVE, Vancouver, BC, Canada"
28-Jan-06,W CORDOVA ST,,300,No,"300 W CORDOVA ST, Vancouver, BC, Canada"
28-Jan-06,WATER ST,,100,No,"100 WATER ST, Vancouver, BC, Canada"
30-Jan-06,E 41ST AVE,FRASER ST,0,No,"E 41ST AVE at FRASER ST, Vancouver, BC, Canada"
31-Jan-06,VICTORIA DR,E GEORGIA ST,0,No,"VICTORIA DR at E GEORGIA ST, Vancouver, BC, Canada"
3-Feb-06,CAMBIE ST,W 45TH AVE,0,No,"CAMBIE ST at W 45TH AVE, Vancouver, BC, Canada"
3-Feb-06,W 8TH AVE,LARCH ST,0,No,"W 8TH AVE at LARCH ST, Vancouver, BC, Canada"
4-Feb-06,W 4TH AVE,CYPRESS ST,0,No,"W 4TH AVE at CYPRESS ST, Vancouver, BC, Canada"
5-Feb-06,E HASTINGS ST,DUNLEVY AVE,0,No,"E HASTINGS ST at DUNLEVY AVE, Vancouver, BC, Canada"
5-Feb-06,W 4TH AVE,WATERLOO ST,0,No,"W 4TH AVE at WATERLOO ST, Vancouver, BC, Canada"
7-Feb-06,COLUMBIA ST,,400,No,"400 COLUMBIA ST, Vancouver, BC, Canada"
8-Feb-06,SW MARINE DR,MARINE CRES,0,No,"SW MARINE DR at MARINE CRES, Vancouver, BC, Canada"
12-Feb-06,VENABLES ST,COMMERCIAL DR,1600,No,"1600 VENABLES ST, Vancouver, BC, Canada"
15-Feb-06,E BROADWAY,WOODLAND DR,0,No,"E BROADWAY at WOODLAND DR, Vancouver, BC, Canada"
17-Feb-06,BOUNDARY RD,E 45TH AVE,0,No,"BOUNDARY RD at E 45TH AVE, Vancouver, BC, Canada"
22-Feb-06,KEEFER ST,COLUMBIA ST,0,No,"KEEFER ST at COLUMBIA ST, Vancouver, BC, Canada"
22-Feb-06,QUEBEC ST,E 2ND AVE,0,No,"QUEBEC ST at E 2ND AVE, Vancouver, BC, Canada"
25-Feb-06,E BROADWAY,COMMERCIAL DR,0,No,"E BROADWAY at COMMERCIAL DR, Vancouver, BC, Canada"
28-Feb-06,BEACH AVE,,1400,No,"1400 BEACH AVE, Vancouver, BC, Canada"
3-Mar-06,SMITHE ST,,200,No,"200 SMITHE ST, Vancouver, BC, Canada"
10-Mar-06,CAMBIE ST,W GEORGIA ST,0,No,"CAMBIE ST at W GEORGIA ST, Vancouver, BC, Canada"
13-Mar-06,W HASTINGS ST,,100,No,"100 W HASTINGS ST, Vancouver, BC, Canada"
15-Mar-06,ANDERSON ST,,1600,No,"1600 ANDERSON ST, Vancouver, BC, Canada"
16-Mar-06,HEMLOCK ST,W 14TH AVE,0,No,"HEMLOCK ST at W 14TH AVE, Vancouver, BC, Canada"
16-Mar-06,COMMERCIAL DR,E 11TH AVE,0,No,"COMMERCIAL DR at E 11TH AVE, Vancouver, BC, Canada"
17-Mar-06,E 2ND AVE,QUEBEC ST,0,No,"E 2ND AVE at QUEBEC ST, Vancouver, BC, Canada"
23-Mar-06,W 2ND AVE,,100,No,"100 W 2ND AVE, Vancouver, BC, Canada"
27-Mar-06,KNIGHT ST,,6500,No,"6500 KNIGHT ST, Vancouver, BC, Canada"
29-Mar-06,SALSBURY DR,,500,No,"500 SALSBURY DR, Vancouver, BC, Canada"
1-Apr-06,VICTORIA DR,E 31ST AVE,0,No,"VICTORIA DR at E 31ST AVE, Vancouver, BC, Canada"
2-Apr-06,CORNWALL AVE,MAPLE ST,0,No,"CORNWALL AVE at MAPLE ST, Vancouver, BC, Canada"
2-Apr-06,W GEORGIA ST,,1600,No,"1600 W GEORGIA ST, Vancouver, BC, Canada"
4-Apr-06,W 7TH AVE,,500,No,"500 W 7TH AVE, Vancouver, BC, Canada"
4-Apr-06,W CORDOVA ST,,400,No,"400 W CORDOVA ST, Vancouver, BC, Canada"
7-Apr-06,HOMER ST,,1000,No,"1000 HOMER ST, Vancouver, BC, Canada"
7-Apr-06,W 2ND AVE,COLUMBIA ST,0,No,"W 2ND AVE at COLUMBIA ST, Vancouver, BC, Canada"
8-Apr-06,ROBSON ST,,1500,No,"1500 ROBSON ST, Vancouver, BC, Canada"
11-Apr-06,BURRARD ST,,1700,No,"1700 BURRARD ST, Vancouver, BC, Canada"
12-Apr-06,CHANCELLOR BLVD,,0,No,"CHANCELLOR BLVD at  , Vancouver, BC, Canada"
12-Apr-06,ABBOTT ST,W HASTINGS ST,0,No,"ABBOTT ST at W HASTINGS ST, Vancouver, BC, Canada"
14-Apr-06,W 7TH AVE,ALBERTA ST,0,No,"W 7TH AVE at ALBERTA ST, Vancouver, BC, Canada"
16-Apr-06,GRANVILLE ST,,2700,No,"2700 GRANVILLE ST, Vancouver, BC, Canada"
20-Apr-06,WOODLAND DR,E 4TH AVE,0,No,"WOODLAND DR at E 4TH AVE, Vancouver, BC, Canada"
20-Apr-06,GRANVILLE ST,,3000,No,"3000 GRANVILLE ST, Vancouver, BC, Canada"
22-Apr-06,COMMERCIAL DR,GRANDVIEW HWY N,0,No,"COMMERCIAL DR at GRANDVIEW HWY N, Vancouver, BC, Canada"
26-Apr-06,UNION ST,,400,No,"400 UNION ST, Vancouver, BC, Canada"
26-Apr-06,W 4TH AVE,MACDONALD ST,0,No,"W 4TH AVE at MACDONALD ST, Vancouver, BC, Canada"
2-May-06,E 12TH AVE,SOPHIA ST,0,No,"E 12TH AVE at SOPHIA ST, Vancouver, BC, Canada"
4-May-06,SEYMOUR ST,,700,No,"700 SEYMOUR ST, Vancouver, BC, Canada"
5-May-06,LIONS GATE BRIDGE,,0,No,"LIONS GATE BRIDGE at  , Vancouver, BC, Canada"
6-May-06,BOUNDARY RD,FRANCES ST,0,No,"BOUNDARY RD at FRANCES ST, Vancouver, BC, Canada"
7-May-06,W BROADWAY,,3200,No,"3200 W BROADWAY, Vancouver, BC, Canada"
8-May-06,CAMBIE ST,,7100,No,"7100 CAMBIE ST, Vancouver, BC, Canada"
11-May-06,BURRARD ST,,800,No,"800 BURRARD ST, Vancouver, BC, Canada"
12-May-06,KEEFER PL,CARRALL ST,0,No,"KEEFER PL at CARRALL ST, Vancouver, BC, Canada"
18-May-06,COMMERCIAL DR,,2200,No,"2200 COMMERCIAL DR, Vancouver, BC, Canada"
18-May-06,CLARENDON ST,E 38TH AVE,0,No,"CLARENDON ST at E 38TH AVE, Vancouver, BC, Canada"
21-May-06,E 6TH AVE,ONTARIO ST,0,No,"E 6TH AVE at ONTARIO ST, Vancouver, BC, Canada"
22-May-06,E CORDOVA ST,GORE AVE,0,No,"E CORDOVA ST at GORE AVE, Vancouver, BC, Canada"
23-May-06,NANAIMO ST,KINGSWAY,0,No,"NANAIMO ST at KINGSWAY, Vancouver, BC, Canada"
23-May-06,E 1ST AVE,CLARK DR,0,No,"E 1ST AVE at CLARK DR, Vancouver, BC, Canada"
24-May-06,WOODLAND DR,GRANDVIEW HWY N,0,No,"WOODLAND DR at GRANDVIEW HWY N, Vancouver, BC, Canada"
27-May-06,W 10TH AVE,,2100,No,"2100 W 10TH AVE, Vancouver, BC, Canada"
27-May-06,MAIN ST,,1400,No,"1400 MAIN ST, Vancouver, BC, Canada"
1-Jun-06,INDUSTRIAL AVE,MAIN ST,0,No,"INDUSTRIAL AVE at MAIN ST, Vancouver, BC, Canada"
3-Jun-06,W BROADWAY,,800,No,"800 W BROADWAY, Vancouver, BC, Canada"
3-Jun-06,E 41ST AVE,MAIN ST,0,No,"E 41ST AVE at MAIN ST, Vancouver, BC, Canada"
4-Jun-06,UNION ST,,700,No,"700 UNION ST, Vancouver, BC, Canada"
4-Jun-06,NANAIMO ST,E BROADWAY,0,No,"NANAIMO ST at E BROADWAY, Vancouver, BC, Canada"
7-Jun-06,CLARK DR,GRANT ST,0,No,"CLARK DR at GRANT ST, Vancouver, BC, Canada"
7-Jun-06,E 18TH AVE,ONTARIO ST,0,No,"E 18TH AVE at ONTARIO ST, Vancouver, BC, Canada"
8-Jun-06,MAIN ST,E 2ND AVE,0,No,"MAIN ST at E 2ND AVE, Vancouver, BC, Canada"
8-Jun-06,E 7TH AVE,KEITH DR,0,No,"E 7TH AVE at KEITH DR, Vancouver, BC, Canada"
11-Jun-06,ARBUTUS ST,CORNWALL AVE,0,No,"ARBUTUS ST at CORNWALL AVE, Vancouver, BC, Canada"
12-Jun-06,DUNSMUIR ST,SEYMOUR ST,0,No,"DUNSMUIR ST at SEYMOUR ST, Vancouver, BC, Canada"
12-Jun-06,ONTARIO ST,W 33RD AVE,0,No,"ONTARIO ST at W 33RD AVE, Vancouver, BC, Canada"
12-Jun-06,E HASTINGS ST,,800,No,"800 E HASTINGS ST, Vancouver, BC, Canada"
13-Jun-06,E 45TH AVE,,2400,No,"2400 E 45TH AVE, Vancouver, BC, Canada"
16-Jun-06,MAIN ST,,500,No,"500 MAIN ST, Vancouver, BC, Canada"
18-Jun-06,W BROADWAY,CAMBIE ST,0,No,"W BROADWAY at CAMBIE ST, Vancouver, BC, Canada"
19-Jun-06,W HASTINGS ST,,0,No,"W HASTINGS ST at  , Vancouver, BC, Canada"
21-Jun-06,W 41ST AVE,,700,No,"700 W 41ST AVE, Vancouver, BC, Canada"
21-Jun-06,WOODLAND DR,E BROADWAY,0,No,"WOODLAND DR at E BROADWAY, Vancouver, BC, Canada"
22-Jun-06,VENABLES ST,,1200,No,"1200 VENABLES ST, Vancouver, BC, Canada"
23-Jun-06,CORNWALL AVE,TRAFALGAR ST,0,No,"CORNWALL AVE at TRAFALGAR ST, Vancouver, BC, Canada"
23-Jun-06,QUEBEC ST,NATIONAL AVE,0,No,"QUEBEC ST at NATIONAL AVE, Vancouver, BC, Canada"
23-Jun-06,DENMAN ST,W GEORGIA ST,0,No,"DENMAN ST at W GEORGIA ST, Vancouver, BC, Canada"
25-Jun-06,EARLES ST,KINGSWAY,0,No,"EARLES ST at KINGSWAY, Vancouver, BC, Canada"
25-Jun-06,VICTORIA DR,E 41ST AVE,0,No,"VICTORIA DR at E 41ST AVE, Vancouver, BC, Canada"
27-Jun-06,BURRARD ST,,1100,No,"1100 BURRARD ST, Vancouver, BC, Canada"
27-Jun-06,W HASTINGS ST,,100,No,"100 W HASTINGS ST, Vancouver, BC, Canada"
29-Jun-06,E 33RD AVE,FRASER ST,0,No,"E 33RD AVE at FRASER ST, Vancouver, BC, Canada"
30-Jun-06,SMITHE ST,EXPO BLVD,0,No,"SMITHE ST at EXPO BLVD, Vancouver, BC, Canada"
5-Jul-06,BURRARD ST,,600,No,"600 BURRARD ST, Vancouver, BC, Canada"
6-Jul-06,BURRARD ST,,500,No,"500 BURRARD ST, Vancouver, BC, Canada"
7-Jul-06,W BROADWAY,OAK ST,0,No,"W BROADWAY at OAK ST, Vancouver, BC, Canada"
7-Jul-06,GRANVILLE ST,W 7TH AVE,0,No,"GRANVILLE ST at W 7TH AVE, Vancouver, BC, Canada"
7-Jul-06,ONTARIO ST,,3300,No,"3300 ONTARIO ST, Vancouver, BC, Canada"
8-Jul-06,W 4TH AVE,TRIMBLE ST,0,Yes,"W 4TH AVE at TRIMBLE ST, Vancouver, BC, Canada"
8-Jul-06,DUNBAR ST,W 32ND AVE,0,No,"DUNBAR ST at W 32ND AVE, Vancouver, BC, Canada"
10-Jul-06,ONTARIO ST,E 29TH AVE,0,No,"ONTARIO ST at E 29TH AVE, Vancouver, BC, Canada"
10-Jul-06,W 4TH AVE,DUNBAR ST,0,No,"W 4TH AVE at DUNBAR ST, Vancouver, BC, Canada"
11-Jul-06,STANLEY PARK DR,,4200,No,"4200 STANLEY PARK DR, Vancouver, BC, Canada"
17-Jul-06,SW MARINE DR,ANGUS DR,0,No,"SW MARINE DR at ANGUS DR, Vancouver, BC, Canada"
19-Jul-06,W 10TH AVE,COURTENAY ST,0,No,"W 10TH AVE at COURTENAY ST, Vancouver, BC, Canada"
20-Jul-06,SW MARINE DR,,4300,No,"4300 SW MARINE DR, Vancouver, BC, Canada"
25-Jul-06,STANLEY PARK DR,,6750,No,"6750 STANLEY PARK DR, Vancouver, BC, Canada"
26-Jul-06,NICOLA ST,W PENDER ST,0,No,"NICOLA ST at W PENDER ST, Vancouver, BC, Canada"
27-Jul-06,LOCARNO CRES,,4210,No,"4210 LOCARNO CRES, Vancouver, BC, Canada"
28-Jul-06,CLARK DR,GRANDVIEW HWY N,0,Yes,"CLARK DR at GRANDVIEW HWY N, Vancouver, BC, Canada"
31-Jul-06,CAMBIE ST BRIDGE,,0,No,"CAMBIE ST BRIDGE at  , Vancouver, BC, Canada"
1-Aug-06,E 6TH AVE,MAIN ST,0,No,"E 6TH AVE at MAIN ST, Vancouver, BC, Canada"
1-Aug-06,CROWN ST,W 37TH AVE,0,No,"CROWN ST at W 37TH AVE, Vancouver, BC, Canada"
1-Aug-06,COMMERCIAL DR,E 4TH AVE,1938,No,"1938 COMMERCIAL DR, Vancouver, BC, Canada"
1-Aug-06,GRANVILLE ST,,0,No,"GRANVILLE ST at  , Vancouver, BC, Canada"
5-Aug-06,ONTARIO ST,E 19TH AVE,0,No,"ONTARIO ST at E 19TH AVE, Vancouver, BC, Canada"
6-Aug-06,ST CATHERINES ST,,2400,No,"2400 ST CATHERINES ST, Vancouver, BC, Canada"
6-Aug-06,CORNWALL AVE,CYPRESS ST,0,No,"CORNWALL AVE at CYPRESS ST, Vancouver, BC, Canada"
10-Aug-06,STANLEY PARK CAUSEWAY,,0,No,"STANLEY PARK CAUSEWAY at  , Vancouver, BC, Canada"
13-Aug-06,COLUMBIA ST,E HASTINGS ST,0,No,"COLUMBIA ST at E HASTINGS ST, Vancouver, BC, Canada"
13-Aug-06,VERNON DR,,300,No,"300 VERNON DR, Vancouver, BC, Canada"
19-Aug-06,MAIN ST,E 14TH AVE,0,No,"MAIN ST at E 14TH AVE, Vancouver, BC, Canada"
23-Aug-06,E KING EDWARD AVE,,900,No,"900 E KING EDWARD AVE, Vancouver, BC, Canada"
23-Aug-06,STANLEY PARK DR,,0,No,"STANLEY PARK DR at  , Vancouver, BC, Canada"
25-Aug-06,E 62ND AVE,,900,No,"900 E 62ND AVE, Vancouver, BC, Canada"
26-Aug-06,CYPRESS ST,W 41ST AVE,0,No,"CYPRESS ST at W 41ST AVE, Vancouver, BC, Canada"
28-Aug-06,MAIN ST,E 48TH AVE,0,No,"MAIN ST at E 48TH AVE, Vancouver, BC, Canada"
29-Aug-06,MACDONALD ST,,0,No,"MACDONALD ST at  , Vancouver, BC, Canada"
30-Aug-06,SMITHE ST,BEATTY ST,0,No,"SMITHE ST at BEATTY ST, Vancouver, BC, Canada"
2-Sep-06,ALBERNI ST,,1166,No,"1166 ALBERNI ST, Vancouver, BC, Canada"
5-Sep-06,COMMERCIAL DR,,160,No,"160 COMMERCIAL DR, Vancouver, BC, Canada"
6-Sep-06,ARTHUR LAING BRIDGE,,0,No,"ARTHUR LAING BRIDGE at  , Vancouver, BC, Canada"
6-Sep-06,HEMLOCK ST,W 8TH AVE,0,No,"HEMLOCK ST at W 8TH AVE, Vancouver, BC, Canada"
6-Sep-06,W PENDER ST,SEYMOUR ST,0,No,"W PENDER ST at SEYMOUR ST, Vancouver, BC, Canada"
7-Sep-06,NANAIMO ST,E 41ST AVE,0,No,"NANAIMO ST at E 41ST AVE, Vancouver, BC, Canada"
7-Sep-06,E 45TH AVE,LATTA ST,0,No,"E 45TH AVE at LATTA ST, Vancouver, BC, Canada"
11-Sep-06,E CORDOVA ST,,500,No,"500 E CORDOVA ST, Vancouver, BC, Canada"
11-Sep-06,SW MARINE DR,HIGHBURY ST,0,No,"SW MARINE DR at HIGHBURY ST, Vancouver, BC, Canada"
12-Sep-06,W 7TH AVE,FIR ST,0,No,"W 7TH AVE at FIR ST, Vancouver, BC, Canada"
12-Sep-06,BIDWELL ST,W GEORGIA ST,0,No,"BIDWELL ST at W GEORGIA ST, Vancouver, BC, Canada"
13-Sep-06,W GEORGIA ST,BIDWELL ST,0,No,"W GEORGIA ST at BIDWELL ST, Vancouver, BC, Canada"
13-Sep-06,NELSON ST,HOWE ST,0,No,"NELSON ST at HOWE ST, Vancouver, BC, Canada"
13-Sep-06,E CORDOVA ST,,200,No,"200 E CORDOVA ST, Vancouver, BC, Canada"
15-Sep-06,E BROADWAY,NOOTKA ST,0,No,"E BROADWAY at NOOTKA ST, Vancouver, BC, Canada"
15-Sep-06,W 8TH AVE,DISCOVERY ST,0,No,"W 8TH AVE at DISCOVERY ST, Vancouver, BC, Canada"
16-Sep-06,W 10TH AVE,ASH ST,0,No,"W 10TH AVE at ASH ST, Vancouver, BC, Canada"
16-Sep-06,W 2ND AVE,MANITOBA ST,0,No,"W 2ND AVE at MANITOBA ST, Vancouver, BC, Canada"
18-Sep-06,QUEBEC ST,E 49TH AVE,0,No,"QUEBEC ST at E 49TH AVE, Vancouver, BC, Canada"
19-Sep-06,NATIONAL AVE,MAIN ST,0,No,"NATIONAL AVE at MAIN ST, Vancouver, BC, Canada"
19-Sep-06,NELSON ST,CAMBIE ST,0,No,"NELSON ST at CAMBIE ST, Vancouver, BC, Canada"
22-Sep-06,E HASTINGS ST,COLUMBIA ST,0,No,"E HASTINGS ST at COLUMBIA ST, Vancouver, BC, Canada"
22-Sep-06,MARPOLE AVE,,1400,No,"1400 MARPOLE AVE, Vancouver, BC, Canada"
23-Sep-06,PANDORA ST,SEMLIN DR,0,No,"PANDORA ST at SEMLIN DR, Vancouver, BC, Canada"
23-Sep-06,CROWN ST,,5400,No,"5400 CROWN ST, Vancouver, BC, Canada"
25-Sep-06,E 12TH AVE,KINGSWAY,0,No,"E 12TH AVE at KINGSWAY, Vancouver, BC, Canada"
25-Sep-06,GORE AVE,UNION ST,0,No,"GORE AVE at UNION ST, Vancouver, BC, Canada"
26-Sep-06,SMITHE ST,HOWE ST,700,No,"700 SMITHE ST, Vancouver, BC, Canada"
26-Sep-06,ADANAC ST,WOODLAND DR,0,No,"ADANAC ST at WOODLAND DR, Vancouver, BC, Canada"
29-Sep-06,GLEN DR,E 10TH AVE,0,No,"GLEN DR at E 10TH AVE, Vancouver, BC, Canada"
1-Oct-06,E 12TH AVE,,1200,No,"1200 E 12TH AVE, Vancouver, BC, Canada"
2-Oct-06,W 10TH AVE,HEMLOCK ST,0,No,"W 10TH AVE at HEMLOCK ST, Vancouver, BC, Canada"
4-Oct-06,W 5TH AVE,,400,No,"400 W 5TH AVE, Vancouver, BC, Canada"
5-Oct-06,W 10TH AVE,HEMLOCK ST,0,No,"W 10TH AVE at HEMLOCK ST, Vancouver, BC, Canada"
5-Oct-06,W BROADWAY,MANITOBA ST,0,No,"W BROADWAY at MANITOBA ST, Vancouver, BC, Canada"
5-Oct-06,SW MARINE DR,CAMOSUN ST,0,No,"SW MARINE DR at CAMOSUN ST, Vancouver, BC, Canada"
10-Oct-06,BURRARD ST,HELMCKEN ST,0,No,"BURRARD ST at HELMCKEN ST, Vancouver, BC, Canada"
10-Oct-06,BURRARD ST,CORNWALL AVE,0,No,"BURRARD ST at CORNWALL AVE, Vancouver, BC, Canada"
12-Oct-06,QUEBEC ST,E 2ND AVE,0,No,"QUEBEC ST at E 2ND AVE, Vancouver, BC, Canada"
12-Oct-06,BURRARD ST BRIDGE,,0,No,"BURRARD ST BRIDGE at  , Vancouver, BC, Canada"
12-Oct-06,COMMERCIAL DR,E 3RD AVE,0,No,"COMMERCIAL DR at E 3RD AVE, Vancouver, BC, Canada"
12-Oct-06,E 22ND AVE,RENFREW ST,0,No,"E 22ND AVE at RENFREW ST, Vancouver, BC, Canada"
14-Oct-06,BURRARD ST,CORNWALL AVE,0,No,"BURRARD ST at CORNWALL AVE, Vancouver, BC, Canada"
15-Oct-06,GRANDVIEW HWY,CLARK DR,0,No,"GRANDVIEW HWY at CLARK DR, Vancouver, BC, Canada"
15-Oct-06,WELLINGTON AVE,JOYCE ST,0,No,"WELLINGTON AVE at JOYCE ST, Vancouver, BC, Canada"
15-Oct-06,CLARK DR,,0,No,"CLARK DR at  , Vancouver, BC, Canada"
16-Oct-06,W 7TH AVE,ALBERTA ST,0,No,"W 7TH AVE at ALBERTA ST, Vancouver, BC, Canada"
17-Oct-06,,CARRALL ST,0,No,"  at CARRALL ST, Vancouver, BC, Canada"
20-Oct-06,HEMLOCK ST,,0,No,"HEMLOCK ST at  , Vancouver, BC, Canada"
25-Oct-06,ACADIA RD,UNIVERSITY BLVD,0,No,"ACADIA RD at UNIVERSITY BLVD, Vancouver, BC, Canada"
25-Oct-06,E BROADWAY,LOUGHEED HWY,0,No,"E BROADWAY at LOUGHEED HWY, Vancouver, BC, Canada"
25-Oct-06,W 8TH AVE,DUNBAR ST,0,No,"W 8TH AVE at DUNBAR ST, Vancouver, BC, Canada"
25-Oct-06,W 34TH AVE,HIGHBURY ST,0,No,"W 34TH AVE at HIGHBURY ST, Vancouver, BC, Canada"
27-Oct-06,E HASTINGS ST,,800,No,"800 E HASTINGS ST, Vancouver, BC, Canada"
29-Oct-06,BURRARD ST BRIDGE,,1400,No,"1400 BURRARD ST BRIDGE, Vancouver, BC, Canada"
2-Nov-06,VICTORIA DR,E 53RD AVE,6900,No,"6900 VICTORIA DR, Vancouver, BC, Canada"
3-Nov-06,EXPO BLVD,CARRALL ST,0,No,"EXPO BLVD at CARRALL ST, Vancouver, BC, Canada"
6-Nov-06,E HASTINGS ST,LAKEWOOD DR,0,No,"E HASTINGS ST at LAKEWOOD DR, Vancouver, BC, Canada"
6-Nov-06,WESTERN PKY,DALHOUSIE RD,0,No,"WESTERN PKY at DALHOUSIE RD, Vancouver, BC, Canada"
8-Nov-06,SLOCAN ST,E 28TH AVE,0,No,"SLOCAN ST at E 28TH AVE, Vancouver, BC, Canada"
9-Nov-06,QUEBEC ST,,1700,No,"1700 QUEBEC ST, Vancouver, BC, Canada"
11-Nov-06,W BROADWAY,MACDONALD ST,0,No,"W BROADWAY at MACDONALD ST, Vancouver, BC, Canada"
11-Nov-06,HAMILTON ST,SMITHE ST,0,No,"HAMILTON ST at SMITHE ST, Vancouver, BC, Canada"
12-Nov-06,W 2ND AVE,CAMBIE ST,0,No,"W 2ND AVE at CAMBIE ST, Vancouver, BC, Canada"
22-Nov-06,WATER ST,,0,No,"WATER ST at  , Vancouver, BC, Canada"
25-Nov-06,CARRALL ST,W CORDOVA ST,0,No,"CARRALL ST at W CORDOVA ST, Vancouver, BC, Canada"
9-Dec-06,MANITOBA ST,PEVERIL AVE,0,No,"MANITOBA ST at PEVERIL AVE, Vancouver, BC, Canada"
9-Dec-06,BURRARD ST,SMITHE ST,0,No,"BURRARD ST at SMITHE ST, Vancouver, BC, Canada"
13-Dec-06,ANGUS DR,W 45TH AVE,0,No,"ANGUS DR at W 45TH AVE, Vancouver, BC, Canada"
13-Dec-06,W 5TH AVE,COLUMBIA ST,0,No,"W 5TH AVE at COLUMBIA ST, Vancouver, BC, Canada"
13-Dec-06,W 6TH AVE,OAK ST,0,No,"W 6TH AVE at OAK ST, Vancouver, BC, Canada"
20-Dec-06,W PENDER ST,ABBOTT ST,0,No,"W PENDER ST at ABBOTT ST, Vancouver, BC, Canada"
21-Dec-06,CLARK DR,E 10TH AVE,0,No,"CLARK DR at E 10TH AVE, Vancouver, BC, Canada"
30-Dec-06,UNION ST,CAMPBELL AVE,0,No,"UNION ST at CAMPBELL AVE, Vancouver, BC, Canada"
31-Dec-06,CASSIAR ST,,300,No,"300 CASSIAR ST, Vancouver, BC, Canada"
2-Jan-07,E 4TH AVE,CLARK DR,0,No,"E 4TH AVE at CLARK DR, Vancouver, BC, Canada"
3-Jan-07,NATIONAL AVE,MAIN ST,0,No,"NATIONAL AVE at MAIN ST, Vancouver, BC, Canada"
4-Jan-07,HEATLEY AVE,E HASTINGS ST,0,No,"HEATLEY AVE at E HASTINGS ST, Vancouver, BC, Canada"
4-Jan-07,W BROADWAY,ASH ST,0,No,"W BROADWAY at ASH ST, Vancouver, BC, Canada"
22-Jan-07,MAIN ST,NATIONAL AVE,0,No,"MAIN ST at NATIONAL AVE, Vancouver, BC, Canada"
22-Jan-07,MAIN ST,NATIONAL AVE,0,No,"MAIN ST at NATIONAL AVE, Vancouver, BC, Canada"
26-Jan-07,ABBOTT ST,W PENDER ST,0,No,"ABBOTT ST at W PENDER ST, Vancouver, BC, Canada"
30-Jan-07,OAK ST,W 12TH AVE,0,No,"OAK ST at W 12TH AVE, Vancouver, BC, Canada"
31-Jan-07,W 41ST AVE,CHURCHILL ST,0,No,"W 41ST AVE at CHURCHILL ST, Vancouver, BC, Canada"
2-Feb-07,W 7TH AVE,BURRARD ST,0,No,"W 7TH AVE at BURRARD ST, Vancouver, BC, Canada"
9-Feb-07,DUNBAR ST,W BROADWAY,0,No,"DUNBAR ST at W BROADWAY, Vancouver, BC, Canada"
13-Feb-07,ONTARIO ST,E 22ND AVE,0,No,"ONTARIO ST at E 22ND AVE, Vancouver, BC, Canada"
19-Feb-07,SMITHE ST,,1000,No,"1000 SMITHE ST, Vancouver, BC, Canada"
21-Feb-07,OAK ST,W 33RD AVE,0,No,"OAK ST at W 33RD AVE, Vancouver, BC, Canada"
22-Feb-07,HOWE ST,ROBSON ST,0,No,"HOWE ST at ROBSON ST, Vancouver, BC, Canada"
6-Mar-07,CAMBIE ST,W 7TH AVE,0,No,"CAMBIE ST at W 7TH AVE, Vancouver, BC, Canada"
7-Mar-07,VICTORIA DR,E 39TH AVE,0,No,"VICTORIA DR at E 39TH AVE, Vancouver, BC, Canada"
7-Mar-07,HEATHER ST,W 10TH AVE,0,No,"HEATHER ST at W 10TH AVE, Vancouver, BC, Canada"
9-Mar-07,E HASTINGS ST,,1100,No,"1100 E HASTINGS ST, Vancouver, BC, Canada"
9-Mar-07,W GEORGIA ST,BURRARD ST,900,No,"900 W GEORGIA ST, Vancouver, BC, Canada"
9-Mar-07,BURRARD ST,,1000,No,"1000 BURRARD ST, Vancouver, BC, Canada"
13-Mar-07,MAIN ST,E 2ND AVE,0,No,"MAIN ST at E 2ND AVE, Vancouver, BC, Canada"
14-Mar-07,ROBSON ST,,1500,No,"1500 ROBSON ST, Vancouver, BC, Canada"
21-Mar-07,PACIFIC ST,HORNBY ST,0,No,"PACIFIC ST at HORNBY ST, Vancouver, BC, Canada"
30-Mar-07,MAIN ST,E 19TH AVE,0,No,"MAIN ST at E 19TH AVE, Vancouver, BC, Canada"
4-Apr-07,HIGHBURY ST,W 20TH AVE,0,No,"HIGHBURY ST at W 20TH AVE, Vancouver, BC, Canada"
11-Apr-07,DUNSMUIR ST,HORNBY ST,0,No,"DUNSMUIR ST at HORNBY ST, Vancouver, BC, Canada"
16-Apr-07,CAMBIE ST,,500,No,"500 CAMBIE ST, Vancouver, BC, Canada"
18-Apr-07,W 12TH AVE,ONTARIO ST,0,No,"W 12TH AVE at ONTARIO ST, Vancouver, BC, Canada"
19-Apr-07,COMMERCIAL DR,,900,No,"900 COMMERCIAL DR, Vancouver, BC, Canada"
19-Apr-07,SW MARINE DR,,0,No,"SW MARINE DR at  , Vancouver, BC, Canada"
24-Apr-07,CAMBIE ST,W 18TH AVE,0,No,"CAMBIE ST at W 18TH AVE, Vancouver, BC, Canada"
28-Apr-07,STANLEY PARK DR,,8501,No,"8501 STANLEY PARK DR, Vancouver, BC, Canada"
30-Apr-07,E HASTINGS ST,,2400,No,"2400 E HASTINGS ST, Vancouver, BC, Canada"
30-Apr-07,COLUMBIA ST,W BROADWAY,0,No,"COLUMBIA ST at W BROADWAY, Vancouver, BC, Canada"
1-May-07,BURRARD ST,,2800,No,"2800 BURRARD ST, Vancouver, BC, Canada"
1-May-07,CAMBIE ST,W GEORGIA ST,0,No,"CAMBIE ST at W GEORGIA ST, Vancouver, BC, Canada"
4-May-07,W GEORGIA ST,CARDERO ST,0,No,"W GEORGIA ST at CARDERO ST, Vancouver, BC, Canada"
11-May-07,VENABLES ST,CLARK DR,0,No,"VENABLES ST at CLARK DR, Vancouver, BC, Canada"
13-May-07,DENMAN ST,PENDRELL ST,0,No,"DENMAN ST at PENDRELL ST, Vancouver, BC, Canada"
15-May-07,SASAMAT ST,W 16TH AVE,0,No,"SASAMAT ST at W 16TH AVE, Vancouver, BC, Canada"
16-May-07,BURRARD ST,,1100,No,"1100 BURRARD ST, Vancouver, BC, Canada"
17-May-07,MACDONALD ST,W KING EDWARD AVE,0,No,"MACDONALD ST at W KING EDWARD AVE, Vancouver, BC, Canada"
17-May-07,W 4TH AVE,,4300,No,"4300 W 4TH AVE, Vancouver, BC, Canada"
21-May-07,W 4TH AVE,ALMA ST,0,No,"W 4TH AVE at ALMA ST, Vancouver, BC, Canada"
23-May-07,JOHNSTON ST,W 4TH AVE,0,No,"JOHNSTON ST at W 4TH AVE, Vancouver, BC, Canada"
23-May-07,KINGSWAY,,700,No,"700 KINGSWAY, Vancouver, BC, Canada"
24-May-07,COLLINGWOOD ST,,2000,No,"2000 COLLINGWOOD ST, Vancouver, BC, Canada"
26-May-07,W 7TH AVE,,100,No,"100 W 7TH AVE, Vancouver, BC, Canada"
30-May-07,KNIGHT ST,E 15TH AVE,0,No,"KNIGHT ST at E 15TH AVE, Vancouver, BC, Canada"
1-Jun-07,OAK ST,W 19TH AVE,0,No,"OAK ST at W 19TH AVE, Vancouver, BC, Canada"
2-Jun-07,BARCLAY ST,NICOLA ST,0,No,"BARCLAY ST at NICOLA ST, Vancouver, BC, Canada"
2-Jun-07,E 10TH AVE,WINDSOR ST,0,No,"E 10TH AVE at WINDSOR ST, Vancouver, BC, Canada"
3-Jun-07,DUKE ST,,0,No,"DUKE ST at  , Vancouver, BC, Canada"
4-Jun-07,E BROADWAY,GLEN DR,0,No,"E BROADWAY at GLEN DR, Vancouver, BC, Canada"
5-Jun-07,COLLINGWOOD ST,W 41ST AVE,0,No,"COLLINGWOOD ST at W 41ST AVE, Vancouver, BC, Canada"
5-Jun-07,E 12TH AVE,LAKEWOOD DR,0,No,"E 12TH AVE at LAKEWOOD DR, Vancouver, BC, Canada"
5-Jun-07,QUEBEC ST,E 8TH AVE,0,No,"QUEBEC ST at E 8TH AVE, Vancouver, BC, Canada"
6-Jun-07,BURRARD ST BRIDGE,,0,No,"BURRARD ST BRIDGE at  , Vancouver, BC, Canada"
8-Jun-07,WATER ST,E HASTINGS ST,0,No,"WATER ST at E HASTINGS ST, Vancouver, BC, Canada"
8-Jun-07,W 49TH AVE,CARTIER ST,0,No,"W 49TH AVE at CARTIER ST, Vancouver, BC, Canada"
11-Jun-07,BURRARD ST,,800,No,"800 BURRARD ST, Vancouver, BC, Canada"
17-Jun-07,CAMBIE ST,W HASTINGS ST,0,No,"CAMBIE ST at W HASTINGS ST, Vancouver, BC, Canada"
19-Jun-07,NELSON ST,HOWE ST,0,No,"NELSON ST at HOWE ST, Vancouver, BC, Canada"
26-Jun-07,E BROADWAY,PRINCE EDWARD ST,0,No,"E BROADWAY at PRINCE EDWARD ST, Vancouver, BC, Canada"
28-Jun-07,BURNABY ST,,1200,No,"1200 BURNABY ST, Vancouver, BC, Canada"
28-Jun-07,MAIN ST,E 2ND AVE,0,No,"MAIN ST at E 2ND AVE, Vancouver, BC, Canada"
2-Jul-07,W 7TH AVE,MAPLE ST,0,No,"W 7TH AVE at MAPLE ST, Vancouver, BC, Canada"
4-Jul-07,W BROADWAY,LARCH ST,0,No,"W BROADWAY at LARCH ST, Vancouver, BC, Canada"
5-Jul-07,MATTHEWS AVE,,1800,No,"1800 MATTHEWS AVE, Vancouver, BC, Canada"
8-Jul-07,NOOTKA ST,,1500,No,"1500 NOOTKA ST, Vancouver, BC, Canada"
11-Jul-07,MAIN ST,E 60TH AVE,0,No,"MAIN ST at E 60TH AVE, Vancouver, BC, Canada"
12-Jul-07,VENABLES ST,VICTORIA DR,0,No,"VENABLES ST at VICTORIA DR, Vancouver, BC, Canada"
14-Jul-07,BEACH AVE,,1800,No,"1800 BEACH AVE, Vancouver, BC, Canada"
20-Jul-07,VICTORIA DR,E 41ST AVE,0,No,"VICTORIA DR at E 41ST AVE, Vancouver, BC, Canada"
25-Jul-07,WILLIAM ST,,1900,No,"1900 WILLIAM ST, Vancouver, BC, Canada"
25-Jul-07,ONTARIO ST,,5600,No,"5600 ONTARIO ST, Vancouver, BC, Canada"
26-Jul-07,DUNBAR ST,W 21ST AVE,0,No,"DUNBAR ST at W 21ST AVE, Vancouver, BC, Canada"
29-Jul-07,E HASTINGS ST,,2700,No,"2700 E HASTINGS ST, Vancouver, BC, Canada"
1-Aug-07,COMMERCIAL DR,VENABLES ST,0,No,"COMMERCIAL DR at VENABLES ST, Vancouver, BC, Canada"
1-Aug-07,W BROADWAY,,2000,No,"2000 W BROADWAY, Vancouver, BC, Canada"
1-Aug-07,NELSON ST,HOMER ST,0,No,"NELSON ST at HOMER ST, Vancouver, BC, Canada"
2-Aug-07,WINDSOR ST,E 37TH AVE,0,No,"WINDSOR ST at E 37TH AVE, Vancouver, BC, Canada"
2-Aug-07,KINGSWAY,,0,No,"KINGSWAY at  , Vancouver, BC, Canada"
2-Aug-07,BURRARD ST,,600,No,"600 BURRARD ST, Vancouver, BC, Canada"
4-Aug-07,E HASTINGS ST,,0,No,"E HASTINGS ST at  , Vancouver, BC, Canada"
7-Aug-07,MACDONALD ST,W 8TH AVE,0,No,"MACDONALD ST at W 8TH AVE, Vancouver, BC, Canada"
8-Aug-07,ABBOTT ST,,500,No,"500 ABBOTT ST, Vancouver, BC, Canada"
8-Aug-07,ALMA ST,W 3RD AVE,0,No,"ALMA ST at W 3RD AVE, Vancouver, BC, Canada"
9-Aug-07,E HASTINGS ST,GARDEN DR,0,No,"E HASTINGS ST at GARDEN DR, Vancouver, BC, Canada"
10-Aug-07,W 8TH AVE,CYPRESS ST,0,No,"W 8TH AVE at CYPRESS ST, Vancouver, BC, Canada"
12-Aug-07,KINGSWAY,BOUNDARY RD,0,No,"KINGSWAY at BOUNDARY RD, Vancouver, BC, Canada"
14-Aug-07,W 6TH AVE,OAK ST,0,No,"W 6TH AVE at OAK ST, Vancouver, BC, Canada"
16-Aug-07,ABBOTT ST,,0,No,"ABBOTT ST at  , Vancouver, BC, Canada"
16-Aug-07,E HASTINGS ST,GORE AVE,0,No,"E HASTINGS ST at GORE AVE, Vancouver, BC, Canada"
16-Aug-07,E 49TH AVE,MAIN ST,0,No,"E 49TH AVE at MAIN ST, Vancouver, BC, Canada"
16-Aug-07,N SKEENA ST,CAMBRIDGE ST,0,No,"N SKEENA ST at CAMBRIDGE ST, Vancouver, BC, Canada"
16-Aug-07,W 4TH AVE,,1900,No,"1900 W 4TH AVE, Vancouver, BC, Canada"
17-Aug-07,E 10TH AVE,CAROLINA ST,0,No,"E 10TH AVE at CAROLINA ST, Vancouver, BC, Canada"
18-Aug-07,POWELL ST,DUNLEVY AVE,0,No,"POWELL ST at DUNLEVY AVE, Vancouver, BC, Canada"
18-Aug-07,W BROADWAY,,2700,No,"2700 W BROADWAY, Vancouver, BC, Canada"
20-Aug-07,W GEORGIA ST,DENMAN ST,0,No,"W GEORGIA ST at DENMAN ST, Vancouver, BC, Canada"
22-Aug-07,BARCLAY ST,,1600,No,"1600 BARCLAY ST, Vancouver, BC, Canada"
22-Aug-07,W 10TH AVE,STEPHENS ST,0,No,"W 10TH AVE at STEPHENS ST, Vancouver, BC, Canada"
23-Aug-07,SW MARINE DR,,0,No,"SW MARINE DR at  , Vancouver, BC, Canada"
23-Aug-07,SE MARINE DR,INVERNESS ST,0,No,"SE MARINE DR at INVERNESS ST, Vancouver, BC, Canada"
25-Aug-07,E PENDER ST,,100,No,"100 E PENDER ST, Vancouver, BC, Canada"
26-Aug-07,E HASTINGS ST,CLARK DR,0,No,"E HASTINGS ST at CLARK DR, Vancouver, BC, Canada"
30-Aug-07,BURRARD ST,W GEORGIA ST,0,No,"BURRARD ST at W GEORGIA ST, Vancouver, BC, Canada"
2-Sep-07,BURRARD ST,W 7TH AVE,0,No,"BURRARD ST at W 7TH AVE, Vancouver, BC, Canada"
4-Sep-07,E 1ST AVE,VICTORIA DR,0,No,"E 1ST AVE at VICTORIA DR, Vancouver, BC, Canada"
5-Sep-07,E HASTINGS ST,CARRALL ST,0,No,"E HASTINGS ST at CARRALL ST, Vancouver, BC, Canada"
7-Sep-07,CAMBIE ST,W 8TH AVE,0,No,"CAMBIE ST at W 8TH AVE, Vancouver, BC, Canada"
8-Sep-07,W 10TH AVE,HIGHBURY ST,0,No,"W 10TH AVE at HIGHBURY ST, Vancouver, BC, Canada"
10-Sep-07,W 10TH AVE,,3100,No,"3100 W 10TH AVE, Vancouver, BC, Canada"
11-Sep-07,CAMPBELL AVE,E HASTINGS ST,0,No,"CAMPBELL AVE at E HASTINGS ST, Vancouver, BC, Canada"
11-Sep-07,NW MARINE DR,,4700,No,"4700 NW MARINE DR, Vancouver, BC, Canada"
13-Sep-07,W HASTINGS ST,SEYMOUR ST,0,No,"W HASTINGS ST at SEYMOUR ST, Vancouver, BC, Canada"
13-Sep-07,E BROADWAY,WINDSOR ST,0,No,"E BROADWAY at WINDSOR ST, Vancouver, BC, Canada"
17-Sep-07,W CORDOVA ST,GRANVILLE ST,0,No,"W CORDOVA ST at GRANVILLE ST, Vancouver, BC, Canada"
19-Sep-07,,PACIFIC ST,0,No,"  at PACIFIC ST, Vancouver, BC, Canada"
20-Sep-07,FRASER ST,E 55TH AVE,0,No,"FRASER ST at E 55TH AVE, Vancouver, BC, Canada"
1-Oct-07,E 10TH AVE,COMMERCIAL DR,0,No,"E 10TH AVE at COMMERCIAL DR, Vancouver, BC, Canada"
1-Oct-07,W 10TH AVE,HIGHBURY ST,0,No,"W 10TH AVE at HIGHBURY ST, Vancouver, BC, Canada"
3-Oct-07,W 10TH AVE,,1700,No,"1700 W 10TH AVE, Vancouver, BC, Canada"
3-Oct-07,W 41ST AVE,COLLINGWOOD ST,0,No,"W 41ST AVE at COLLINGWOOD ST, Vancouver, BC, Canada"
5-Oct-07,ROBSON ST,BUTE ST,0,No,"ROBSON ST at BUTE ST, Vancouver, BC, Canada"
7-Oct-07,GRANVILLE ST,SMITHE ST,0,No,"GRANVILLE ST at SMITHE ST, Vancouver, BC, Canada"
7-Oct-07,FRASER ST,E BROADWAY,0,No,"FRASER ST at E BROADWAY, Vancouver, BC, Canada"
8-Oct-07,W 4TH AVE,TRAFALGAR ST,0,Yes,"W 4TH AVE at TRAFALGAR ST, Vancouver, BC, Canada"
8-Oct-07,STANLEY PARK DR,,0,No,"STANLEY PARK DR at  , Vancouver, BC, Canada"
15-Oct-07,COMMERCIAL DR,,2300,No,"2300 COMMERCIAL DR, Vancouver, BC, Canada"
16-Oct-07,BURRARD ST,W CORDOVA ST,0,No,"BURRARD ST at W CORDOVA ST, Vancouver, BC, Canada"
18-Oct-07,BURRARD ST,DUNSMUIR ST,0,No,"BURRARD ST at DUNSMUIR ST, Vancouver, BC, Canada"
18-Oct-07,ANGUS DR,W 33RD AVE,0,No,"ANGUS DR at W 33RD AVE, Vancouver, BC, Canada"
19-Oct-07,SEMLIN DR,VENABLES ST,0,No,"SEMLIN DR at VENABLES ST, Vancouver, BC, Canada"
19-Oct-07,MAIN ST,,2900,No,"2900 MAIN ST, Vancouver, BC, Canada"
20-Oct-07,W 10TH AVE,PINE ST,0,No,"W 10TH AVE at PINE ST, Vancouver, BC, Canada"
20-Oct-07,GRANDVIEW HWY,SLOCAN ST,0,No,"GRANDVIEW HWY at SLOCAN ST, Vancouver, BC, Canada"
23-Oct-07,HOWE ST,SMITHE ST,0,No,"HOWE ST at SMITHE ST, Vancouver, BC, Canada"
26-Oct-07,CLARK DR,E 12TH AVE,0,No,"CLARK DR at E 12TH AVE, Vancouver, BC, Canada"
29-Oct-07,W 8TH AVE,TRIMBLE ST,0,No,"W 8TH AVE at TRIMBLE ST, Vancouver, BC, Canada"
31-Oct-07,YEW ST,W 13TH AVE,0,No,"YEW ST at W 13TH AVE, Vancouver, BC, Canada"
8-Nov-07,PEARKES LANE,,0,No,"PEARKES LANE at  , Vancouver, BC, Canada"
13-Nov-07,MAIN ST,UNION ST,0,No,"MAIN ST at UNION ST, Vancouver, BC, Canada"
16-Nov-07,E PENDER ST,,100,No,"100 E PENDER ST, Vancouver, BC, Canada"
19-Nov-07,BURRARD ST,DAVIE ST,0,No,"BURRARD ST at DAVIE ST, Vancouver, BC, Canada"
21-Nov-07,W 16TH AVE,IMPERIAL RD,0,No,"W 16TH AVE at IMPERIAL RD, Vancouver, BC, Canada"
22-Nov-07,W 10TH AVE,WILLOW ST,0,No,"W 10TH AVE at WILLOW ST, Vancouver, BC, Canada"
26-Nov-07,W 28TH AVE,HEATHER ST,0,No,"W 28TH AVE at HEATHER ST, Vancouver, BC, Canada"
28-Nov-07,ONTARIO ST,W 4TH AVE,0,No,"ONTARIO ST at W 4TH AVE, Vancouver, BC, Canada"
3-Dec-07,FRANKLIN ST,MCLEAN DR,0,No,"FRANKLIN ST at MCLEAN DR, Vancouver, BC, Canada"
13-Dec-07,PINE ST,W 10TH AVE,0,No,"PINE ST at W 10TH AVE, Vancouver, BC, Canada"
13-Dec-07,PRIOR ST,,600,No,"600 PRIOR ST, Vancouver, BC, Canada"
15-Dec-07,E 2ND AVE,MAIN ST,0,No,"E 2ND AVE at MAIN ST, Vancouver, BC, Canada"
17-Dec-07,CLARK DR,E PENDER ST,0,No,"CLARK DR at E PENDER ST, Vancouver, BC, Canada"
24-Dec-07,W BROADWAY,ALBERTA ST,0,No,"W BROADWAY at ALBERTA ST, Vancouver, BC, Canada"
29-Dec-07,E HASTINGS ST,VICTORIA DR,0,No,"E HASTINGS ST at VICTORIA DR, Vancouver, BC, Canada"
2-Jan-08,W 3RD AVE,PINE ST,0,No,"W 3RD AVE at PINE ST, Vancouver, BC, Canada"
5-Jan-08,RUPERT ST,KINGSWAY,401,No,"401 RUPERT ST, Vancouver, BC, Canada"
6-Feb-08,EAST BLVD,W 45TH AVE,0,No,"EAST BLVD at W 45TH AVE, Vancouver, BC, Canada"
10-Feb-08,W 8TH AVE,COLLINGWOOD ST,0,No,"W 8TH AVE at COLLINGWOOD ST, Vancouver, BC, Canada"
13-Feb-08,W 4TH AVE,BURRARD ST,0,No,"W 4TH AVE at BURRARD ST, Vancouver, BC, Canada"
13-Feb-08,BEACH AVE,HORNBY ST,900,No,"900 BEACH AVE, Vancouver, BC, Canada"
20-Feb-08,CROWN ST,W 27TH AVE,4300,No,"4300 CROWN ST, Vancouver, BC, Canada"
21-Feb-08,MAIN ST,E 5TH AVE,0,No,"MAIN ST at E 5TH AVE, Vancouver, BC, Canada"
21-Feb-08,CORNWALL AVE,,0,No,"CORNWALL AVE at  , Vancouver, BC, Canada"
25-Feb-08,CLARK DR,E BROADWAY,0,No,"CLARK DR at E BROADWAY, Vancouver, BC, Canada"
28-Feb-08,NANAIMO ST,E 6TH AVE,0,No,"NANAIMO ST at E 6TH AVE, Vancouver, BC, Canada"
3-Mar-08,ANGUS DR,W 41ST AVE,0,No,"ANGUS DR at W 41ST AVE, Vancouver, BC, Canada"
7-Mar-08,GRANDVIEW HWY,,3400,No,"3400 GRANDVIEW HWY, Vancouver, BC, Canada"
7-Mar-08,E 1ST AVE,,2600,No,"2600 E 1ST AVE, Vancouver, BC, Canada"
8-Mar-08,ROBSON ST,,1200,No,"1200 ROBSON ST, Vancouver, BC, Canada"
8-Mar-08,MAIN ST,E 2ND AVE,0,No,"MAIN ST at E 2ND AVE, Vancouver, BC, Canada"
11-Mar-08,E CORDOVA ST,,100,No,"100 E CORDOVA ST, Vancouver, BC, Canada"
19-Mar-08,SE MARINE DR,,400,No,"400 SE MARINE DR, Vancouver, BC, Canada"
19-Mar-08,ALBERTA ST,W 43RD AVE,0,No,"ALBERTA ST at W 43RD AVE, Vancouver, BC, Canada"
20-Mar-08,KNIGHT ST,E 37TH AVE,0,No,"KNIGHT ST at E 37TH AVE, Vancouver, BC, Canada"
25-Mar-08,BURRARD ST,ALBERNI ST,0,No,"BURRARD ST at ALBERNI ST, Vancouver, BC, Canada"
30-Mar-08,MAIN ST,PRIOR ST,0,No,"MAIN ST at PRIOR ST, Vancouver, BC, Canada"
31-Mar-08,MAIN ST,E 15TH AVE,0,No,"MAIN ST at E 15TH AVE, Vancouver, BC, Canada"
15-Apr-08,W PENDER ST,RICHARDS ST,0,No,"W PENDER ST at RICHARDS ST, Vancouver, BC, Canada"
15-Apr-08,HOMER ST,,1000,No,"1000 HOMER ST, Vancouver, BC, Canada"
16-Apr-08,W PENDER ST,ABBOTT ST,0,No,"W PENDER ST at ABBOTT ST, Vancouver, BC, Canada"
20-Apr-08,E 7TH AVE,CLARK DR,0,No,"E 7TH AVE at CLARK DR, Vancouver, BC, Canada"
24-Apr-08,DUNBAR ST,SW MARINE DR,0,No,"DUNBAR ST at SW MARINE DR, Vancouver, BC, Canada"
25-Apr-08,HEMLOCK ST,W 6TH AVE,0,No,"HEMLOCK ST at W 6TH AVE, Vancouver, BC, Canada"
26-Apr-08,E 10TH AVE,,400,No,"400 E 10TH AVE, Vancouver, BC, Canada"
28-Apr-08,W 16TH AVE,,3800,No,"3800 W 16TH AVE, Vancouver, BC, Canada"
29-Apr-08,NW MARINE DR,,0,No,"NW MARINE DR at  , Vancouver, BC, Canada"
2-May-08,CYPRESS ST,,1600,No,"1600 CYPRESS ST, Vancouver, BC, Canada"
2-May-08,GRANVILLE ST,W 64TH AVE,0,No,"GRANVILLE ST at W 64TH AVE, Vancouver, BC, Canada"
5-May-08,CHURCHILL ST,W 47TH AVE,0,No,"CHURCHILL ST at W 47TH AVE, Vancouver, BC, Canada"
5-May-08,ROBSON ST,NICOLA ST,1400,No,"1400 ROBSON ST, Vancouver, BC, Canada"
8-May-08,W 6TH AVE,BURRARD ST,0,No,"W 6TH AVE at BURRARD ST, Vancouver, BC, Canada"
10-May-08,CLARK DR,E 11TH AVE,0,No,"CLARK DR at E 11TH AVE, Vancouver, BC, Canada"
11-May-08,W 12TH AVE,WILLOW ST,0,No,"W 12TH AVE at WILLOW ST, Vancouver, BC, Canada"
14-May-08,AGRONOMY RD,,0,No,"AGRONOMY RD at  , Vancouver, BC, Canada"
15-May-08,DUNBAR ST,W 41ST AVE,0,No,"DUNBAR ST at W 41ST AVE, Vancouver, BC, Canada"
15-May-08,PRIOR ST,HAWKS AVE,0,No,"PRIOR ST at HAWKS AVE, Vancouver, BC, Canada"
15-May-08,W 7TH AVE,OAK ST,0,No,"W 7TH AVE at OAK ST, Vancouver, BC, Canada"
16-May-08,W 8TH AVE,MACDONALD ST,0,No,"W 8TH AVE at MACDONALD ST, Vancouver, BC, Canada"
22-May-08,BURRARD ST BRIDGE,,0,No,"BURRARD ST BRIDGE at  , Vancouver, BC, Canada"
23-May-08,GARDEN DR,E HASTINGS ST,0,No,"GARDEN DR at E HASTINGS ST, Vancouver, BC, Canada"
26-May-08,CLARK DR,E 15TH AVE,0,No,"CLARK DR at E 15TH AVE, Vancouver, BC, Canada"
26-May-08,QUEBEC ST,NATIONAL AVE,0,No,"QUEBEC ST at NATIONAL AVE, Vancouver, BC, Canada"
28-May-08,DRAKE ST,HOMER ST,0,No,"DRAKE ST at HOMER ST, Vancouver, BC, Canada"
28-May-08,E 25TH AVE,W KING EDWARD AVE,0,No,"E 25TH AVE at W KING EDWARD AVE, Vancouver, BC, Canada"
29-May-08,HAMPTON PL,,5835,No,"5835 HAMPTON PL, Vancouver, BC, Canada"
30-May-08,GRANVILLE ST,W 7TH AVE,0,No,"GRANVILLE ST at W 7TH AVE, Vancouver, BC, Canada"
30-May-08,W PENDER ST,,100,No,"100 W PENDER ST, Vancouver, BC, Canada"
30-May-08,W 12TH AVE,,600,No,"600 W 12TH AVE, Vancouver, BC, Canada"
30-May-08,MAIN ST,ALEXANDER ST,0,No,"MAIN ST at ALEXANDER ST, Vancouver, BC, Canada"
2-Jun-08,MCGILL ST ONRAMP,HWY 1,0,No,"MCGILL ST ONRAMP at HWY 1, Vancouver, BC, Canada"
2-Jun-08,STANLEY PARK CAUSEWAY,,0,No,"STANLEY PARK CAUSEWAY at  , Vancouver, BC, Canada"
2-Jun-08,E 10TH AVE,QUEBEC ST,0,No,"E 10TH AVE at QUEBEC ST, Vancouver, BC, Canada"
4-Jun-08,BURRARD ST,PACIFIC ST,0,No,"BURRARD ST at PACIFIC ST, Vancouver, BC, Canada"
4-Jun-08,DAVIE ST,RICHARDS ST,0,No,"DAVIE ST at RICHARDS ST, Vancouver, BC, Canada"
5-Jun-08,E BROADWAY,FRASER ST,0,No,"E BROADWAY at FRASER ST, Vancouver, BC, Canada"
6-Jun-08,W PENDER ST,BEATTY ST,0,No,"W PENDER ST at BEATTY ST, Vancouver, BC, Canada"
7-Jun-08,E BROADWAY,CLARK DR,0,No,"E BROADWAY at CLARK DR, Vancouver, BC, Canada"
9-Jun-08,KINGSWAY,,2900,No,"2900 KINGSWAY, Vancouver, BC, Canada"
11-Jun-08,W 41ST AVE,,400,No,"400 W 41ST AVE, Vancouver, BC, Canada"
12-Jun-08,DAVIE ST,GRANVILLE ST,0,No,"DAVIE ST at GRANVILLE ST, Vancouver, BC, Canada"
12-Jun-08,THORNTON ST,TERMINAL AVE,0,No,"THORNTON ST at TERMINAL AVE, Vancouver, BC, Canada"
14-Jun-08,E 49TH AVE,ROSS ST,0,No,"E 49TH AVE at ROSS ST, Vancouver, BC, Canada"
16-Jun-08,W 37TH AVE,ARBUTUS ST,0,No,"W 37TH AVE at ARBUTUS ST, Vancouver, BC, Canada"
21-Jun-08,BURRARD ST,SMITHE ST,0,No,"BURRARD ST at SMITHE ST, Vancouver, BC, Canada"
21-Jun-08,W PENDER ST,ABBOTT ST,0,No,"W PENDER ST at ABBOTT ST, Vancouver, BC, Canada"
22-Jun-08,E HASTINGS ST,,400,No,"400 E HASTINGS ST, Vancouver, BC, Canada"
23-Jun-08,E 28TH AVE,PRINCE ALBERT ST,0,No,"E 28TH AVE at PRINCE ALBERT ST, Vancouver, BC, Canada"
24-Jun-08,E 10TH AVE,PRINCE EDWARD ST,0,No,"E 10TH AVE at PRINCE EDWARD ST, Vancouver, BC, Canada"
27-Jun-08,W 59TH AVE,OSLER ST,0,No,"W 59TH AVE at OSLER ST, Vancouver, BC, Canada"
28-Jun-08,BLENHEIM ST,W 10TH AVE,0,No,"BLENHEIM ST at W 10TH AVE, Vancouver, BC, Canada"
30-Jun-08,MAIN ST,,2000,Yes,"2000 MAIN ST, Vancouver, BC, Canada"
30-Jun-08,E 10TH AVE,KINGSWAY,0,No,"E 10TH AVE at KINGSWAY, Vancouver, BC, Canada"
2-Jul-08,DAVIE ST,SEYMOUR ST,0,No,"DAVIE ST at SEYMOUR ST, Vancouver, BC, Canada"
3-Jul-08,W 2ND AVE,,100,No,"100 W 2ND AVE, Vancouver, BC, Canada"
7-Jul-08,DAVIE ST,,1600,No,"1600 DAVIE ST, Vancouver, BC, Canada"
7-Jul-08,W HASTINGS ST,ABBOTT ST,0,No,"W HASTINGS ST at ABBOTT ST, Vancouver, BC, Canada"
7-Jul-08,DRAKE ST,BURRARD ST,0,No,"DRAKE ST at BURRARD ST, Vancouver, BC, Canada"
8-Jul-08,E 37TH AVE,PRINCE EDWARD ST,400,No,"400 E 37TH AVE, Vancouver, BC, Canada"
8-Jul-08,E 49TH AVE,INVERNESS ST,0,No,"E 49TH AVE at INVERNESS ST, Vancouver, BC, Canada"
8-Jul-08,MARGUERITE ST,W 37TH AVE,0,No,"MARGUERITE ST at W 37TH AVE, Vancouver, BC, Canada"
8-Jul-08,CLARK DR,E 1ST AVE,0,No,"CLARK DR at E 1ST AVE, Vancouver, BC, Canada"
9-Jul-08,UNIVERSITY BLVD,,6200,No,"6200 UNIVERSITY BLVD, Vancouver, BC, Canada"
12-Jul-08,BURRARD ST,W 3RD AVE,0,No,"BURRARD ST at W 3RD AVE, Vancouver, BC, Canada"
14-Jul-08,JOYCE ST,E 45TH AVE,0,No,"JOYCE ST at E 45TH AVE, Vancouver, BC, Canada"
16-Jul-08,ARBUTUS ST,W 2ND AVE,0,No,"ARBUTUS ST at W 2ND AVE, Vancouver, BC, Canada"
17-Jul-08,,WATERFRONT RD,1011,No,"1011  , Vancouver, BC, Canada"
17-Jul-08,W 10TH AVE,,4500,No,"4500 W 10TH AVE, Vancouver, BC, Canada"
18-Jul-08,N NANAIMO ST,,0,No,"N NANAIMO ST at  , Vancouver, BC, Canada"
19-Jul-08,ALDER ST,W 7TH AVE,0,No,"ALDER ST at W 7TH AVE, Vancouver, BC, Canada"
21-Jul-08,HEMLOCK ST,W 10TH AVE,0,No,"HEMLOCK ST at W 10TH AVE, Vancouver, BC, Canada"
24-Jul-08,E 37TH AVE,,1600,No,"1600 E 37TH AVE, Vancouver, BC, Canada"
24-Jul-08,W 16TH AVE,ASH ST,0,No,"W 16TH AVE at ASH ST, Vancouver, BC, Canada"
24-Jul-08,STANLEY PARK CAUSEWAY,,0,No,"STANLEY PARK CAUSEWAY at  , Vancouver, BC, Canada"
25-Jul-08,TERMINAL AVE,BEGG ST,800,No,"800 TERMINAL AVE, Vancouver, BC, Canada"
25-Jul-08,DENMAN ST,,500,No,"500 DENMAN ST, Vancouver, BC, Canada"
25-Jul-08,LIONS GATE BRIDGE,,0,No,"LIONS GATE BRIDGE at  , Vancouver, BC, Canada"
27-Jul-08,ABBOTT ST,W HASTINGS ST,0,No,"ABBOTT ST at W HASTINGS ST, Vancouver, BC, Canada"
28-Jul-08,RUPERT ST,E 22ND AVE,0,No,"RUPERT ST at E 22ND AVE, Vancouver, BC, Canada"
28-Jul-08,HELMCKEN ST,GRANVILLE ST,0,No,"HELMCKEN ST at GRANVILLE ST, Vancouver, BC, Canada"
28-Jul-08,W KING EDWARD AVE,CAMBIE ST,0,No,"W KING EDWARD AVE at CAMBIE ST, Vancouver, BC, Canada"
31-Jul-08,PARKER ST,COMMERCIAL DR,0,No,"PARKER ST at COMMERCIAL DR, Vancouver, BC, Canada"
1-Aug-08,W GEORGIA ST,RICHARDS ST,0,No,"W GEORGIA ST at RICHARDS ST, Vancouver, BC, Canada"
2-Aug-08,ASH ST,W 24TH AVE,0,No,"ASH ST at W 24TH AVE, Vancouver, BC, Canada"
2-Aug-08,E 15TH AVE,WINDSOR ST,1000,No,"1000 E 15TH AVE, Vancouver, BC, Canada"
5-Aug-08,CARDERO ST,W GEORGIA ST,0,No,"CARDERO ST at W GEORGIA ST, Vancouver, BC, Canada"
5-Aug-08,CARDERO ST,COMOX ST,0,No,"CARDERO ST at COMOX ST, Vancouver, BC, Canada"
8-Aug-08,BURRARD ST,DAVIE ST,0,No,"BURRARD ST at DAVIE ST, Vancouver, BC, Canada"
8-Aug-08,NELSON ST,PACIFIC BLVD,0,No,"NELSON ST at PACIFIC BLVD, Vancouver, BC, Canada"
9-Aug-08,MAIN ST,E 2ND AVE,0,No,"MAIN ST at E 2ND AVE, Vancouver, BC, Canada"
10-Aug-08,MACDONALD ST,W 3RD AVE,0,No,"MACDONALD ST at W 3RD AVE, Vancouver, BC, Canada"
12-Aug-08,E BROADWAY,NOOTKA ST,0,No,"E BROADWAY at NOOTKA ST, Vancouver, BC, Canada"
12-Aug-08,ONTARIO ST,,0,No,"ONTARIO ST at  , Vancouver, BC, Canada"
13-Aug-08,EXPO BLVD,NELSON ST,0,No,"EXPO BLVD at NELSON ST, Vancouver, BC, Canada"
13-Aug-08,JOYCE ST,VANNESS AVE,0,No,"JOYCE ST at VANNESS AVE, Vancouver, BC, Canada"
14-Aug-08,E 7TH AVE,KEITH DR,0,No,"E 7TH AVE at KEITH DR, Vancouver, BC, Canada"
18-Aug-08,BRUNSWICK ST,E 5TH AVE,0,No,"BRUNSWICK ST at E 5TH AVE, Vancouver, BC, Canada"
19-Aug-08,MAIN ST,E 12TH AVE,0,No,"MAIN ST at E 12TH AVE, Vancouver, BC, Canada"
23-Aug-08,SEYMOUR ST,ROBSON ST,700,No,"700 SEYMOUR ST, Vancouver, BC, Canada"
25-Aug-08,TRIMBLE ST,W 4TH AVE,0,No,"TRIMBLE ST at W 4TH AVE, Vancouver, BC, Canada"
25-Aug-08,ABBOTT ST,W PENDER ST,0,No,"ABBOTT ST at W PENDER ST, Vancouver, BC, Canada"
26-Aug-08,KEEFER ST,CARRALL ST,0,No,"KEEFER ST at CARRALL ST, Vancouver, BC, Canada"
27-Aug-08,BUTE ST,,500,No,"500 BUTE ST, Vancouver, BC, Canada"
28-Aug-08,DUMFRIES ST,E 41ST AVE,0,No,"DUMFRIES ST at E 41ST AVE, Vancouver, BC, Canada"
4-Sep-08,E 49TH AVE,,2600,No,"2600 E 49TH AVE, Vancouver, BC, Canada"
6-Sep-08,W 12TH AVE,COLUMBIA ST,0,No,"W 12TH AVE at COLUMBIA ST, Vancouver, BC, Canada"
7-Sep-08,CHANCELLOR BLVD,ACADIA RD,0,No,"CHANCELLOR BLVD at ACADIA RD, Vancouver, BC, Canada"
7-Sep-08,HEATLEY AVE,E PENDER ST,0,No,"HEATLEY AVE at E PENDER ST, Vancouver, BC, Canada"
8-Sep-08,W KING EDWARD AVE,ARBUTUS ST,0,No,"W KING EDWARD AVE at ARBUTUS ST, Vancouver, BC, Canada"
10-Sep-08,MAIN ST,E 26TH AVE,0,No,"MAIN ST at E 26TH AVE, Vancouver, BC, Canada"
10-Sep-08,E 31ST AVE,PRINCE EDWARD ST,0,No,"E 31ST AVE at PRINCE EDWARD ST, Vancouver, BC, Canada"
15-Sep-08,E 1ST AVE,LAKEWOOD DR,0,No,"E 1ST AVE at LAKEWOOD DR, Vancouver, BC, Canada"
15-Sep-08,E 10TH AVE,,1700,No,"1700 E 10TH AVE, Vancouver, BC, Canada"
16-Sep-08,E 26TH AVE,KOOTENAY ST,0,No,"E 26TH AVE at KOOTENAY ST, Vancouver, BC, Canada"
17-Sep-08,MAIN ST,E 3RD AVE,0,No,"MAIN ST at E 3RD AVE, Vancouver, BC, Canada"
17-Sep-08,QUEBEC ST,TERMINAL AVE,0,No,"QUEBEC ST at TERMINAL AVE, Vancouver, BC, Canada"
17-Sep-08,DUNDAS ST,,2000,No,"2000 DUNDAS ST, Vancouver, BC, Canada"
20-Sep-08,TERMINAL AVE,STATION ST,0,No,"TERMINAL AVE at STATION ST, Vancouver, BC, Canada"
21-Sep-08,COMMERCIAL DR,GRANDVIEW HWY N,0,No,"COMMERCIAL DR at GRANDVIEW HWY N, Vancouver, BC, Canada"
22-Sep-08,BURRARD ST,,1300,No,"1300 BURRARD ST, Vancouver, BC, Canada"
22-Sep-08,W BROADWAY,BALSAM ST,0,No,"W BROADWAY at BALSAM ST, Vancouver, BC, Canada"
22-Sep-08,FIR ST,W 10TH AVE,0,No,"FIR ST at W 10TH AVE, Vancouver, BC, Canada"
30-Sep-08,DUNBAR ST,W 19TH AVE,0,No,"DUNBAR ST at W 19TH AVE, Vancouver, BC, Canada"
1-Oct-08,MARINE CRES,SW MARINE DR,0,No,"MARINE CRES at SW MARINE DR, Vancouver, BC, Canada"
4-Oct-08,E 49TH AVE,FRASER ST,0,No,"E 49TH AVE at FRASER ST, Vancouver, BC, Canada"
6-Oct-08,KINGSWAY,RUPERT ST,0,No,"KINGSWAY at RUPERT ST, Vancouver, BC, Canada"
7-Oct-08,BOUNDARY RD,E 45TH AVE,0,No,"BOUNDARY RD at E 45TH AVE, Vancouver, BC, Canada"
8-Oct-08,E 33RD AVE,JAMES ST,0,No,"E 33RD AVE at JAMES ST, Vancouver, BC, Canada"
9-Oct-08,GORE AVE,E PENDER ST,0,No,"GORE AVE at E PENDER ST, Vancouver, BC, Canada"
11-Oct-08,COMMERCIAL DR,,1100,No,"1100 COMMERCIAL DR, Vancouver, BC, Canada"
12-Oct-08,ANDERSON ST,ISLAND PARK WALK,0,No,"ANDERSON ST at ISLAND PARK WALK, Vancouver, BC, Canada"
14-Oct-08,W 46TH AVE,OAK ST,0,No,"W 46TH AVE at OAK ST, Vancouver, BC, Canada"
15-Oct-08,VENABLES ST,VERNON DR,0,No,"VENABLES ST at VERNON DR, Vancouver, BC, Canada"
16-Oct-08,W BROADWAY,MACDONALD ST,0,No,"W BROADWAY at MACDONALD ST, Vancouver, BC, Canada"
16-Oct-08,WINDSOR ST,E 40TH AVE,0,No,"WINDSOR ST at E 40TH AVE, Vancouver, BC, Canada"
20-Oct-08,CAMBIE ST,,2100,No,"2100 CAMBIE ST, Vancouver, BC, Canada"
22-Oct-08,E 2ND AVE,LORNE ST,0,No,"E 2ND AVE at LORNE ST, Vancouver, BC, Canada"
23-Oct-08,W BROADWAY,WILLOW ST,0,No,"W BROADWAY at WILLOW ST, Vancouver, BC, Canada"
25-Oct-08,COMMERCIAL DR,E 7TH AVE,0,No,"COMMERCIAL DR at E 7TH AVE, Vancouver, BC, Canada"
28-Oct-08,E HASTINGS ST,,300,No,"300 E HASTINGS ST, Vancouver, BC, Canada"
28-Oct-08,E HASTINGS ST,COLUMBIA ST,100,No,"100 E HASTINGS ST, Vancouver, BC, Canada"
28-Oct-08,LAKEWOOD DR,E PENDER ST,0,No,"LAKEWOOD DR at E PENDER ST, Vancouver, BC, Canada"
29-Oct-08,THURLOW ST,NELSON ST,0,No,"THURLOW ST at NELSON ST, Vancouver, BC, Canada"
30-Oct-08,NELSON ST,CARDERO ST,0,No,"NELSON ST at CARDERO ST, Vancouver, BC, Canada"
1-Nov-08,W 13TH AVE,,1800,No,"1800 W 13TH AVE, Vancouver, BC, Canada"
5-Nov-08,SMITHE ST,,1000,No,"1000 SMITHE ST, Vancouver, BC, Canada"
12-Nov-08,KNIGHT ST,KINGSWAY,0,No,"KNIGHT ST at KINGSWAY, Vancouver, BC, Canada"
17-Nov-08,E 12TH AVE,LAKEWOOD DR,0,No,"E 12TH AVE at LAKEWOOD DR, Vancouver, BC, Canada"
21-Nov-08,COMMERCIAL DR,E 5TH AVE,0,No,"COMMERCIAL DR at E 5TH AVE, Vancouver, BC, Canada"
21-Nov-08,GRANT ST,VICTORIA DR,0,No,"GRANT ST at VICTORIA DR, Vancouver, BC, Canada"
29-Nov-08,WATER ST,,100,No,"100 WATER ST, Vancouver, BC, Canada"
29-Nov-08,WESBROOK MALL,,0,No,"WESBROOK MALL at  , Vancouver, BC, Canada"
1-Dec-08,CYPRESS ST,CEDAR CRES,0,No,"CYPRESS ST at CEDAR CRES, Vancouver, BC, Canada"
3-Dec-08,E HASTINGS ST,LILLOOET ST,0,No,"E HASTINGS ST at LILLOOET ST, Vancouver, BC, Canada"
8-Dec-08,DUMFRIES ST,E KING EDWARD AVE,0,No,"DUMFRIES ST at E KING EDWARD AVE, Vancouver, BC, Canada"
9-Dec-08,BIDWELL ST,BEACH AVE,0,No,"BIDWELL ST at BEACH AVE, Vancouver, BC, Canada"
2-Jan-09,MAIN ST,,4200,No,"4200 MAIN ST, Vancouver, BC, Canada"
9-Jan-09,BIDWELL ST,ROBSON ST,0,No,"BIDWELL ST at ROBSON ST, Vancouver, BC, Canada"
11-Jan-09,DUMFRIES ST,E KING EDWARD AVE,0,No,"DUMFRIES ST at E KING EDWARD AVE, Vancouver, BC, Canada"
16-Jan-09,E 49TH AVE,QUEBEC ST,0,No,"E 49TH AVE at QUEBEC ST, Vancouver, BC, Canada"
17-Jan-09,BIDWELL ST,ROBSON ST,0,No,"BIDWELL ST at ROBSON ST, Vancouver, BC, Canada"
22-Jan-09,UNION ST,CAMPBELL AVE,0,No,"UNION ST at CAMPBELL AVE, Vancouver, BC, Canada"
23-Jan-09,YEW ST,W 37TH AVE,0,No,"YEW ST at W 37TH AVE, Vancouver, BC, Canada"
23-Jan-09,MAPLE ST,W 1ST AVE,0,No,"MAPLE ST at W 1ST AVE, Vancouver, BC, Canada"
23-Jan-09,RENFREW ST,,2100,No,"2100 RENFREW ST, Vancouver, BC, Canada"
28-Jan-09,BURRARD ST,W 8TH AVE,0,No,"BURRARD ST at W 8TH AVE, Vancouver, BC, Canada"
5-Feb-09,KEEFER PL,TAYLOR ST,0,No,"KEEFER PL at TAYLOR ST, Vancouver, BC, Canada"
7-Feb-09,E HASTINGS ST,WINDERMERE ST,0,No,"E HASTINGS ST at WINDERMERE ST, Vancouver, BC, Canada"
9-Feb-09,COLUMBIA ST,E CORDOVA ST,200,No,"200 COLUMBIA ST, Vancouver, BC, Canada"
19-Feb-09,HORNBY ST,W GEORGIA ST,0,No,"HORNBY ST at W GEORGIA ST, Vancouver, BC, Canada"
19-Feb-09,VENABLES ST,WOODLAND DR,0,No,"VENABLES ST at WOODLAND DR, Vancouver, BC, Canada"
20-Feb-09,W 12TH AVE,MANITOBA ST,0,No,"W 12TH AVE at MANITOBA ST, Vancouver, BC, Canada"
23-Feb-09,SEAWALL WALK,DENMAN ST,0,No,"SEAWALL WALK at DENMAN ST, Vancouver, BC, Canada"
25-Feb-09,ROBSON ST,GILFORD ST,0,No,"ROBSON ST at GILFORD ST, Vancouver, BC, Canada"
25-Feb-09,,W BROADWAY,0,No,"  at W BROADWAY, Vancouver, BC, Canada"
4-Mar-09,E BROADWAY,,1800,No,"1800 E BROADWAY, Vancouver, BC, Canada"
5-Mar-09,ST GEORGE ST,E 29TH AVE,4500,No,"4500 ST GEORGE ST, Vancouver, BC, Canada"
5-Mar-09,BURRARD ST,W 8TH AVE,0,No,"BURRARD ST at W 8TH AVE, Vancouver, BC, Canada"
12-Mar-09,E 26TH AVE,QUEBEC ST,0,No,"E 26TH AVE at QUEBEC ST, Vancouver, BC, Canada"
13-Mar-09,SMITHE ST,EXPO BLVD,0,No,"SMITHE ST at EXPO BLVD, Vancouver, BC, Canada"
16-Mar-09,E CORDOVA ST,GORE AVE,0,No,"E CORDOVA ST at GORE AVE, Vancouver, BC, Canada"
17-Mar-09,THURLOW ST,DAVIE ST,0,No,"THURLOW ST at DAVIE ST, Vancouver, BC, Canada"
19-Mar-09,HEMLOCK ST,W 10TH AVE,0,No,"HEMLOCK ST at W 10TH AVE, Vancouver, BC, Canada"
19-Mar-09,GRANVILLE ST,W 70TH AVE,0,No,"GRANVILLE ST at W 70TH AVE, Vancouver, BC, Canada"
23-Mar-09,MAIN ST,,200,No,"200 MAIN ST, Vancouver, BC, Canada"
24-Mar-09,MAIN ST,INDUSTRIAL AVE,1600,No,"1600 MAIN ST, Vancouver, BC, Canada"
28-Mar-09,SOPHIA ST,E 7TH AVE,0,No,"SOPHIA ST at E 7TH AVE, Vancouver, BC, Canada"
1-Apr-09,CARTWRIGHT ST,,1200,No,"1200 CARTWRIGHT ST, Vancouver, BC, Canada"
7-Apr-09,BURRARD ST,,1000,No,"1000 BURRARD ST, Vancouver, BC, Canada"
9-Apr-09,BURRARD ST,DUNSMUIR ST,0,No,"BURRARD ST at DUNSMUIR ST, Vancouver, BC, Canada"
13-Apr-09,TRIUMPH ST,NANAIMO ST,0,No,"TRIUMPH ST at NANAIMO ST, Vancouver, BC, Canada"
14-Apr-09,QUEBEC ST,TERMINAL AVE,0,No,"QUEBEC ST at TERMINAL AVE, Vancouver, BC, Canada"
15-Apr-09,W 16TH AVE,WESBROOK MALL,0,No,"W 16TH AVE at WESBROOK MALL, Vancouver, BC, Canada"
15-Apr-09,MACKENZIE ST,W 41ST AVE,0,No,"MACKENZIE ST at W 41ST AVE, Vancouver, BC, Canada"
16-Apr-09,W 10TH AVE,,1300,No,"1300 W 10TH AVE, Vancouver, BC, Canada"
17-Apr-09,UNION ST,MAIN ST,0,No,"UNION ST at MAIN ST, Vancouver, BC, Canada"
18-Apr-09,FRANKLIN ST,,1600,No,"1600 FRANKLIN ST, Vancouver, BC, Canada"
19-Apr-09,TERMINAL AVE,BEGG ST,0,No,"TERMINAL AVE at BEGG ST, Vancouver, BC, Canada"
21-Apr-09,W 2ND AVE,COLUMBIA ST,0,No,"W 2ND AVE at COLUMBIA ST, Vancouver, BC, Canada"
24-Apr-09,BURRARD ST,W 1ST AVE,0,No,"BURRARD ST at W 1ST AVE, Vancouver, BC, Canada"
3-May-09,COMMERCIAL DR,E 3RD AVE,0,No,"COMMERCIAL DR at E 3RD AVE, Vancouver, BC, Canada"
13-May-09,ADANAC ST,WINDERMERE ST,0,No,"ADANAC ST at WINDERMERE ST, Vancouver, BC, Canada"
14-May-09,DOMAN ST,,6100,No,"6100 DOMAN ST, Vancouver, BC, Canada"
15-May-09,E 2ND AVE,MAIN ST,0,No,"E 2ND AVE at MAIN ST, Vancouver, BC, Canada"
20-May-09,E 18TH AVE,MAIN ST,0,No,"E 18TH AVE at MAIN ST, Vancouver, BC, Canada"
21-May-09,BURRARD ST,HARWOOD ST,0,No,"BURRARD ST at HARWOOD ST, Vancouver, BC, Canada"
21-May-09,E 16TH AVE,INVERNESS ST,0,No,"E 16TH AVE at INVERNESS ST, Vancouver, BC, Canada"
21-May-09,W PENDER ST,HOWE ST,0,No,"W PENDER ST at HOWE ST, Vancouver, BC, Canada"
22-May-09,SW MARINE DR,CAMOSUN ST,0,No,"SW MARINE DR at CAMOSUN ST, Vancouver, BC, Canada"
22-May-09,SW MARINE DR,W 49TH AVE,0,No,"SW MARINE DR at W 49TH AVE, Vancouver, BC, Canada"
24-May-09,CORNWALL AVE,VINE ST,0,No,"CORNWALL AVE at VINE ST, Vancouver, BC, Canada"
25-May-09,COLUMBIA ST,,1900,No,"1900 COLUMBIA ST, Vancouver, BC, Canada"
26-May-09,UNIVERSITY BLVD,ALLISON RD,0,No,"UNIVERSITY BLVD at ALLISON RD, Vancouver, BC, Canada"
27-May-09,W 16TH AVE,BLANCA ST,0,No,"W 16TH AVE at BLANCA ST, Vancouver, BC, Canada"
28-May-09,E 10TH AVE,ST GEORGE ST,0,No,"E 10TH AVE at ST GEORGE ST, Vancouver, BC, Canada"
28-May-09,ROSS ST,E 53RD AVE,0,No,"ROSS ST at E 53RD AVE, Vancouver, BC, Canada"
29-May-09,INVERNESS ST,E 51ST AVE,0,No,"INVERNESS ST at E 51ST AVE, Vancouver, BC, Canada"
29-May-09,NELSON ST,HOWE ST,0,No,"NELSON ST at HOWE ST, Vancouver, BC, Canada"
30-May-09,KASLO ST,E BROADWAY,0,No,"KASLO ST at E BROADWAY, Vancouver, BC, Canada"
1-Jun-09,OAK ST,W 67TH AVE,0,No,"OAK ST at W 67TH AVE, Vancouver, BC, Canada"
1-Jun-09,ONTARIO ST,W 2ND AVE,0,No,"ONTARIO ST at W 2ND AVE, Vancouver, BC, Canada"
1-Jun-09,PENTICTON ST,,700,No,"700 PENTICTON ST, Vancouver, BC, Canada"
2-Jun-09,W 2ND AVE,CAMBIE ST,0,No,"W 2ND AVE at CAMBIE ST, Vancouver, BC, Canada"
4-Jun-09,POWELL ST,GLEN DR,0,No,"POWELL ST at GLEN DR, Vancouver, BC, Canada"
4-Jun-09,ONTARIO ST,W 10TH AVE,0,No,"ONTARIO ST at W 10TH AVE, Vancouver, BC, Canada"
7-Jun-09,KINGSWAY,FRASER ST,0,No,"KINGSWAY at FRASER ST, Vancouver, BC, Canada"
10-Jun-09,PRINCE EDWARD ST,E 19TH AVE,0,No,"PRINCE EDWARD ST at E 19TH AVE, Vancouver, BC, Canada"
11-Jun-09,BLENHEIM ST,W 29TH AVE,0,No,"BLENHEIM ST at W 29TH AVE, Vancouver, BC, Canada"
11-Jun-09,WINDSOR ST,E 13TH AVE,0,No,"WINDSOR ST at E 13TH AVE, Vancouver, BC, Canada"
12-Jun-09,E 10TH AVE,,400,No,"400 E 10TH AVE, Vancouver, BC, Canada"
13-Jun-09,IMPERIAL RD,W 16TH AVE,0,No,"IMPERIAL RD at W 16TH AVE, Vancouver, BC, Canada"
16-Jun-09,E HASTINGS ST,,100,No,"100 E HASTINGS ST, Vancouver, BC, Canada"
18-Jun-09,GRANVILLE ST,PACIFIC ST,0,No,"GRANVILLE ST at PACIFIC ST, Vancouver, BC, Canada"
19-Jun-09,FRASER ST,E 14TH AVE,0,No,"FRASER ST at E 14TH AVE, Vancouver, BC, Canada"
20-Jun-09,E HASTINGS ST,COLUMBIA ST,0,No,"E HASTINGS ST at COLUMBIA ST, Vancouver, BC, Canada"
21-Jun-09,E BROADWAY,KINGSWAY,0,No,"E BROADWAY at KINGSWAY, Vancouver, BC, Canada"
22-Jun-09,KINGSWAY,COMMERCIAL DR,0,No,"KINGSWAY at COMMERCIAL DR, Vancouver, BC, Canada"
24-Jun-09,E 10TH AVE,GLEN DR,0,No,"E 10TH AVE at GLEN DR, Vancouver, BC, Canada"
25-Jun-09,W 37TH AVE,CYPRESS ST,0,No,"W 37TH AVE at CYPRESS ST, Vancouver, BC, Canada"
26-Jun-09,GLEN DR,E HASTINGS ST,0,No,"GLEN DR at E HASTINGS ST, Vancouver, BC, Canada"
26-Jun-09,POINT GREY RD,,3300,No,"3300 POINT GREY RD, Vancouver, BC, Canada"
29-Jun-09,OAK ST,W 37TH AVE,0,No,"OAK ST at W 37TH AVE, Vancouver, BC, Canada"
1-Jul-09,W KING EDWARD AVE,CAMBIE ST,0,No,"W KING EDWARD AVE at CAMBIE ST, Vancouver, BC, Canada"
3-Jul-09,UNIVERSITY BLVD,ALLISON RD,0,No,"UNIVERSITY BLVD at ALLISON RD, Vancouver, BC, Canada"
4-Jul-09,MAIN ST,E KING EDWARD AVE,0,No,"MAIN ST at E KING EDWARD AVE, Vancouver, BC, Canada"
8-Jul-09,W BROADWAY,,1600,No,"1600 W BROADWAY, Vancouver, BC, Canada"
9-Jul-09,PUGET DR,KING EDWARD AVE,0,No,"PUGET DR at KING EDWARD AVE, Vancouver, BC, Canada"
12-Jul-09,E HASTINGS ST,,300,No,"300 E HASTINGS ST, Vancouver, BC, Canada"
13-Jul-09,CARDERO ST,HARWOOD ST,0,No,"CARDERO ST at HARWOOD ST, Vancouver, BC, Canada"
15-Jul-09,COMMERCIAL DR,E 13TH AVE,0,No,"COMMERCIAL DR at E 13TH AVE, Vancouver, BC, Canada"
17-Jul-09,POWELL ST,,700,No,"700 POWELL ST, Vancouver, BC, Canada"
17-Jul-09,MAIN ST,PRIOR ST,0,No,"MAIN ST at PRIOR ST, Vancouver, BC, Canada"
19-Jul-09,BEACH AVE,,0,No,"BEACH AVE at  , Vancouver, BC, Canada"
20-Jul-09,SW MARINE DR,CAMBIE ST,0,No,"SW MARINE DR at CAMBIE ST, Vancouver, BC, Canada"
20-Jul-09,ANDERSON ST,ISLAND PARK WALK,0,No,"ANDERSON ST at ISLAND PARK WALK, Vancouver, BC, Canada"
20-Jul-09,E BROADWAY,,2400,No,"2400 E BROADWAY, Vancouver, BC, Canada"
20-Jul-09,E 10TH AVE,,1700,No,"1700 E 10TH AVE, Vancouver, BC, Canada"
20-Jul-09,DAVIE ST,GRANVILLE ST,0,No,"DAVIE ST at GRANVILLE ST, Vancouver, BC, Canada"
22-Jul-09,W 12TH AVE,GRANVILLE ST,0,No,"W 12TH AVE at GRANVILLE ST, Vancouver, BC, Canada"
26-Jul-09,POINT GREY RD,,2800,No,"2800 POINT GREY RD, Vancouver, BC, Canada"
27-Jul-09,E HASTINGS ST,LAKEWOOD DR,0,No,"E HASTINGS ST at LAKEWOOD DR, Vancouver, BC, Canada"
28-Jul-09,CORNWALL AVE,CYPRESS ST,0,No,"CORNWALL AVE at CYPRESS ST, Vancouver, BC, Canada"
28-Jul-09,DUNSMUIR ST,,1000,No,"1000 DUNSMUIR ST, Vancouver, BC, Canada"
28-Jul-09,POWELL ST,MCLEAN DR,1400,No,"1400 POWELL ST, Vancouver, BC, Canada"
28-Jul-09,W 7TH AVE,GRANVILLE ST,0,No,"W 7TH AVE at GRANVILLE ST, Vancouver, BC, Canada"
29-Jul-09,W 10TH AVE,,900,No,"900 W 10TH AVE, Vancouver, BC, Canada"
29-Jul-09,KINGSWAY,E 10TH AVE,0,No,"KINGSWAY at E 10TH AVE, Vancouver, BC, Canada"
30-Jul-09,W 37TH AVE,MARGUERITE ST,0,No,"W 37TH AVE at MARGUERITE ST, Vancouver, BC, Canada"
7-Aug-09,E 12TH AVE,LAKEWOOD DR,0,No,"E 12TH AVE at LAKEWOOD DR, Vancouver, BC, Canada"
9-Aug-09,ALBERNI ST,,1100,No,"1100 ALBERNI ST, Vancouver, BC, Canada"
10-Aug-09,KINGSWAY,,1200,No,"1200 KINGSWAY, Vancouver, BC, Canada"
13-Aug-09,W 5TH AVE,ALBERTA ST,0,No,"W 5TH AVE at ALBERTA ST, Vancouver, BC, Canada"
13-Aug-09,WINDERMERE ST,E 8TH AVE,0,No,"WINDERMERE ST at E 8TH AVE, Vancouver, BC, Canada"
15-Aug-09,BARCLAY ST,,1200,No,"1200 BARCLAY ST, Vancouver, BC, Canada"
16-Aug-09,NW MARINE DR,DISCOVERY ST,0,No,"NW MARINE DR at DISCOVERY ST, Vancouver, BC, Canada"
17-Aug-09,COMMERCIAL DR,GRANDVIEW HWY N,0,No,"COMMERCIAL DR at GRANDVIEW HWY N, Vancouver, BC, Canada"
18-Aug-09,MARGUERITE ST,W 28TH AVE,0,No,"MARGUERITE ST at W 28TH AVE, Vancouver, BC, Canada"
19-Aug-09,E 10TH AVE,ST CATHERINES ST,0,No,"E 10TH AVE at ST CATHERINES ST, Vancouver, BC, Canada"
20-Aug-09,ASH ST,W 8TH AVE,0,No,"ASH ST at W 8TH AVE, Vancouver, BC, Canada"
20-Aug-09,QUEBEC ST,,1100,No,"1100 QUEBEC ST, Vancouver, BC, Canada"
22-Aug-09,E 1ST AVE,,3600,No,"3600 E 1ST AVE, Vancouver, BC, Canada"
22-Aug-09,ALEXANDER ST,MAIN ST,0,No,"ALEXANDER ST at MAIN ST, Vancouver, BC, Canada"
23-Aug-09,E 41ST AVE,KERR ST,0,No,"E 41ST AVE at KERR ST, Vancouver, BC, Canada"
28-Aug-09,ABBOTT ST,,700,No,"700 ABBOTT ST, Vancouver, BC, Canada"
28-Aug-09,E CORDOVA ST,MAIN ST,200,No,"200 E CORDOVA ST, Vancouver, BC, Canada"
1-Sep-09,FAIRVIEW AVE,WESTERN PKY,0,No,"FAIRVIEW AVE at WESTERN PKY, Vancouver, BC, Canada"
2-Sep-09,HORNBY ST,W PENDER ST,0,No,"HORNBY ST at W PENDER ST, Vancouver, BC, Canada"
2-Sep-09,W BROADWAY,,700,No,"700 W BROADWAY, Vancouver, BC, Canada"
3-Sep-09,NW MARINE DR,DISCOVERY ST,0,No,"NW MARINE DR at DISCOVERY ST, Vancouver, BC, Canada"
6-Sep-09,W HASTINGS ST,ABBOTT ST,0,No,"W HASTINGS ST at ABBOTT ST, Vancouver, BC, Canada"
10-Sep-09,W 8TH AVE,,700,No,"700 W 8TH AVE, Vancouver, BC, Canada"
10-Sep-09,MCLEAN DR,POWELL ST,0,No,"MCLEAN DR at POWELL ST, Vancouver, BC, Canada"
10-Sep-09,E 23RD AVE,RUPERT ST,0,No,"E 23RD AVE at RUPERT ST, Vancouver, BC, Canada"
11-Sep-09,E 12TH AVE,ONTARIO ST,0,No,"E 12TH AVE at ONTARIO ST, Vancouver, BC, Canada"
11-Sep-09,PACIFIC BLVD,DRAKE ST,0,No,"PACIFIC BLVD at DRAKE ST, Vancouver, BC, Canada"
12-Sep-09,E 18TH AVE,ST GEORGE ST,0,No,"E 18TH AVE at ST GEORGE ST, Vancouver, BC, Canada"
12-Sep-09,W GEORGIA ST,BEATTY ST,100,No,"100 W GEORGIA ST, Vancouver, BC, Canada"
15-Sep-09,CAMBIE ST,W 7TH AVE,0,No,"CAMBIE ST at W 7TH AVE, Vancouver, BC, Canada"
15-Sep-09,INVERNESS ST,,4900,No,"4900 INVERNESS ST, Vancouver, BC, Canada"
15-Sep-09,CLARK DR,ADANAC ST,0,No,"CLARK DR at ADANAC ST, Vancouver, BC, Canada"
18-Sep-09,HOMER ST,HELMCKEN ST,0,No,"HOMER ST at HELMCKEN ST, Vancouver, BC, Canada"
18-Sep-09,ALMA ST,,1600,No,"1600 ALMA ST, Vancouver, BC, Canada"
21-Sep-09,KNIGHT ST,E 63RD AVE,0,No,"KNIGHT ST at E 63RD AVE, Vancouver, BC, Canada"
22-Sep-09,E 10TH AVE,,1000,No,"1000 E 10TH AVE, Vancouver, BC, Canada"
22-Sep-09,QUEBEC ST,E 2ND AVE,0,No,"QUEBEC ST at E 2ND AVE, Vancouver, BC, Canada"
22-Sep-09,GLEN DR,,300,No,"300 GLEN DR, Vancouver, BC, Canada"
23-Sep-09,CARNARVON ST,SW MARINE DR,0,No,"CARNARVON ST at SW MARINE DR, Vancouver, BC, Canada"
24-Sep-09,VICTORIA DR,E 33RD AVE,0,No,"VICTORIA DR at E 33RD AVE, Vancouver, BC, Canada"
25-Sep-09,WESBROOK MALL,FAIRVIEW AVE,0,No,"WESBROOK MALL at FAIRVIEW AVE, Vancouver, BC, Canada"
25-Sep-09,W 4TH AVE,WATERLOO ST,0,No,"W 4TH AVE at WATERLOO ST, Vancouver, BC, Canada"
1-Oct-09,CARRALL ST,,400,No,"400 CARRALL ST, Vancouver, BC, Canada"
3-Oct-09,E 1ST AVE,SEMLIN DR,0,No,"E 1ST AVE at SEMLIN DR, Vancouver, BC, Canada"
3-Oct-09,W 62ND AVE,ADERA ST,0,No,"W 62ND AVE at ADERA ST, Vancouver, BC, Canada"
4-Oct-09,W 37TH AVE,LARCH ST,0,No,"W 37TH AVE at LARCH ST, Vancouver, BC, Canada"
7-Oct-09,ADANAC ST,TEMPLETON DR,0,No,"ADANAC ST at TEMPLETON DR, Vancouver, BC, Canada"
9-Oct-09,W PENDER ST,BEATTY ST,0,No,"W PENDER ST at BEATTY ST, Vancouver, BC, Canada"
10-Oct-09,BOUNDARY RD,,1501,No,"1501 BOUNDARY RD, Vancouver, BC, Canada"
10-Oct-09,WOODLAND DR,E 1ST AVE,1700,No,"1700 WOODLAND DR, Vancouver, BC, Canada"
10-Oct-09,BEACH AVE,,1200,No,"1200 BEACH AVE, Vancouver, BC, Canada"
13-Oct-09,GORE AVE,UNION ST,0,No,"GORE AVE at UNION ST, Vancouver, BC, Canada"
14-Oct-09,GLEN DR,UNION ST,0,No,"GLEN DR at UNION ST, Vancouver, BC, Canada"
16-Oct-09,E 1ST AVE,TEMPLETON DR,0,No,"E 1ST AVE at TEMPLETON DR, Vancouver, BC, Canada"
16-Oct-09,E 33RD AVE,FRASER ST,0,No,"E 33RD AVE at FRASER ST, Vancouver, BC, Canada"
17-Oct-09,W 16TH AVE,IMPERIAL RD,0,No,"W 16TH AVE at IMPERIAL RD, Vancouver, BC, Canada"
19-Oct-09,PACIFIC ST,HORNBY ST,0,No,"PACIFIC ST at HORNBY ST, Vancouver, BC, Canada"
24-Oct-09,W 16TH AVE,MACDONALD ST,0,No,"W 16TH AVE at MACDONALD ST, Vancouver, BC, Canada"
24-Oct-09,BURRARD ST,DRAKE ST,0,No,"BURRARD ST at DRAKE ST, Vancouver, BC, Canada"
25-Oct-09,E BROADWAY,WOODLAND DR,0,No,"E BROADWAY at WOODLAND DR, Vancouver, BC, Canada"
26-Oct-09,BEATTY ST,SMITHE ST,0,No,"BEATTY ST at SMITHE ST, Vancouver, BC, Canada"
28-Oct-09,W HASTINGS ST,,0,No,"W HASTINGS ST at  , Vancouver, BC, Canada"
31-Oct-09,MAIN ST,E GEORGIA ST,0,No,"MAIN ST at E GEORGIA ST, Vancouver, BC, Canada"
4-Nov-09,E 19TH AVE,MAIN ST,0,No,"E 19TH AVE at MAIN ST, Vancouver, BC, Canada"
5-Nov-09,W 27TH AVE,CAMBIE ST,0,No,"W 27TH AVE at CAMBIE ST, Vancouver, BC, Canada"
6-Nov-09,WALLACE ST,W 11TH AVE,0,No,"WALLACE ST at W 11TH AVE, Vancouver, BC, Canada"
10-Nov-09,NAPIER ST,VICTORIA DR,0,No,"NAPIER ST at VICTORIA DR, Vancouver, BC, Canada"
10-Nov-09,GREAT NORTHERN WAY,,600,No,"600 GREAT NORTHERN WAY, Vancouver, BC, Canada"
11-Nov-09,LAKEWOOD DR,PANDORA ST,0,No,"LAKEWOOD DR at PANDORA ST, Vancouver, BC, Canada"
13-Nov-09,COMMERCIAL DR,,1300,No,"1300 COMMERCIAL DR, Vancouver, BC, Canada"
22-Nov-09,W PENDER ST,,100,No,"100 W PENDER ST, Vancouver, BC, Canada"
23-Nov-09,E 14TH AVE,MAIN ST,0,No,"E 14TH AVE at MAIN ST, Vancouver, BC, Canada"
23-Nov-09,MAIN ST,E 2ND AVE,0,No,"MAIN ST at E 2ND AVE, Vancouver, BC, Canada"
27-Nov-09,CLARK DR,,1400,No,"1400 CLARK DR, Vancouver, BC, Canada"
30-Nov-09,BOUNDARY RD,HASTINGS ST,0,No,"BOUNDARY RD at HASTINGS ST, Vancouver, BC, Canada"
4-Dec-09,MAIN ST,E 2ND AVE,0,No,"MAIN ST at E 2ND AVE, Vancouver, BC, Canada"
7-Dec-09,PACIFIC ST,BURRARD ST,1000,No,"1000 PACIFIC ST, Vancouver, BC, Canada"
12-Dec-09,E HASTINGS ST,,400,No,"400 E HASTINGS ST, Vancouver, BC, Canada"
23-Dec-09,NW MARINE DR,UNIVERSITY BLVD,0,No,"NW MARINE DR at UNIVERSITY BLVD, Vancouver, BC, Canada"
6-Jan-10,KINGSWAY,E 15TH AVE,0,No,"KINGSWAY at E 15TH AVE, Vancouver, BC, Canada"
8-Jan-10,VICTORIA DR,,2900,No,"2900 VICTORIA DR, Vancouver, BC, Canada"
9-Jan-10,E 8TH AVE,PENTICTON ST,0,No,"E 8TH AVE at PENTICTON ST, Vancouver, BC, Canada"
11-Jan-10,KEEFER ST,,100,No,"100 KEEFER ST, Vancouver, BC, Canada"
12-Jan-10,W 41ST AVE,ELM ST,0,No,"W 41ST AVE at ELM ST, Vancouver, BC, Canada"
4-Feb-10,WOODLAND DR,WILLIAM ST,0,No,"WOODLAND DR at WILLIAM ST, Vancouver, BC, Canada"
4-Feb-10,W 68TH AVE,CORNISH ST,0,No,"W 68TH AVE at CORNISH ST, Vancouver, BC, Canada"
9-Feb-10,W 10TH AVE,FIR ST,0,No,"W 10TH AVE at FIR ST, Vancouver, BC, Canada"
10-Feb-10,UNION ST,,200,No,"200 UNION ST, Vancouver, BC, Canada"
10-Feb-10,W 2ND AVE,MANITOBA ST,0,No,"W 2ND AVE at MANITOBA ST, Vancouver, BC, Canada"
15-Feb-10,E CORDOVA ST,MAIN ST,0,No,"E CORDOVA ST at MAIN ST, Vancouver, BC, Canada"
15-Feb-10,ROSS ST,SE MARINE DR,0,No,"ROSS ST at SE MARINE DR, Vancouver, BC, Canada"
18-Feb-10,CLARENDON ST,,5500,No,"5500 CLARENDON ST, Vancouver, BC, Canada"
18-Feb-10,W HASTINGS ST,,100,No,"100 W HASTINGS ST, Vancouver, BC, Canada"
20-Feb-10,W 10TH AVE,ASH ST,0,No,"W 10TH AVE at ASH ST, Vancouver, BC, Canada"
23-Feb-10,FRASER ST,W 19TH AVE,0,No,"FRASER ST at W 19TH AVE, Vancouver, BC, Canada"
24-Feb-10,CAMBIE ST,W 54TH AVE,0,No,"CAMBIE ST at W 54TH AVE, Vancouver, BC, Canada"
26-Feb-10,E 12TH AVE,KINGSWAY,0,No,"E 12TH AVE at KINGSWAY, Vancouver, BC, Canada"
2-Mar-10,W 41ST AVE,EAST BLVD,0,No,"W 41ST AVE at EAST BLVD, Vancouver, BC, Canada"
6-Mar-10,ALMA ST,,2400,No,"2400 ALMA ST, Vancouver, BC, Canada"
9-Mar-10,W 43RD AVE,ANGUS DR,0,No,"W 43RD AVE at ANGUS DR, Vancouver, BC, Canada"
9-Mar-10,DUNBAR ST,W 33RD AVE,0,No,"DUNBAR ST at W 33RD AVE, Vancouver, BC, Canada"
10-Mar-10,PARKER ST,PENTICTON ST,0,No,"PARKER ST at PENTICTON ST, Vancouver, BC, Canada"
10-Mar-10,E 20TH AVE,WELWYN ST,0,No,"E 20TH AVE at WELWYN ST, Vancouver, BC, Canada"
11-Mar-10,DAVIE ST,,600,No,"600 DAVIE ST, Vancouver, BC, Canada"
12-Mar-10,CLARK DR,E 11TH AVE,0,No,"CLARK DR at E 11TH AVE, Vancouver, BC, Canada"
16-Mar-10,BOUNDARY RD,HASTINGS ST,0,No,"BOUNDARY RD at HASTINGS ST, Vancouver, BC, Canada"
16-Mar-10,MAIN ST,PRIOR ST,0,No,"MAIN ST at PRIOR ST, Vancouver, BC, Canada"
18-Mar-10,HORNBY ST,,1400,No,"1400 HORNBY ST, Vancouver, BC, Canada"
19-Mar-10,CASSIAR ST,ADANAC ST,0,No,"CASSIAR ST at ADANAC ST, Vancouver, BC, Canada"
19-Mar-10,W 10TH AVE,FIR ST,1500,No,"1500 W 10TH AVE, Vancouver, BC, Canada"
24-Mar-10,W 10TH AVE,PINE ST,0,No,"W 10TH AVE at PINE ST, Vancouver, BC, Canada"
29-Mar-10,E 10TH AVE,,200,No,"200 E 10TH AVE, Vancouver, BC, Canada"
29-Mar-10,WESBROOK MALL,FAIRVIEW AVE,0,No,"WESBROOK MALL at FAIRVIEW AVE, Vancouver, BC, Canada"
31-Mar-10,E HASTINGS ST,NANAIMO ST,0,No,"E HASTINGS ST at NANAIMO ST, Vancouver, BC, Canada"
3-Apr-10,E 51ST AVE,FRASER ST,0,No,"E 51ST AVE at FRASER ST, Vancouver, BC, Canada"
4-Apr-10,COMMERCIAL DR,E 10TH AVE,0,No,"COMMERCIAL DR at E 10TH AVE, Vancouver, BC, Canada"
6-Apr-10,COMMERCIAL DR,ADANAC ST,0,No,"COMMERCIAL DR at ADANAC ST, Vancouver, BC, Canada"
9-Apr-10,ONTARIO ST,E 3RD AVE,0,No,"ONTARIO ST at E 3RD AVE, Vancouver, BC, Canada"
11-Apr-10,QUEBEC ST,NATIONAL AVE,0,No,"QUEBEC ST at NATIONAL AVE, Vancouver, BC, Canada"
12-Apr-10,COMMERCIAL DR,,1600,No,"1600 COMMERCIAL DR, Vancouver, BC, Canada"
13-Apr-10,E 1ST AVE,CLARK DR,0,No,"E 1ST AVE at CLARK DR, Vancouver, BC, Canada"
17-Apr-10,ADANAC ST,,1700,No,"1700 ADANAC ST, Vancouver, BC, Canada"
21-Apr-10,HARWOOD ST,BUTE ST,0,No,"HARWOOD ST at BUTE ST, Vancouver, BC, Canada"
23-Apr-10,BLENHEIM ST,W 37TH AVE,0,No,"BLENHEIM ST at W 37TH AVE, Vancouver, BC, Canada"
27-Apr-10,SW MARINE DR,,1300,No,"1300 SW MARINE DR, Vancouver, BC, Canada"
28-Apr-10,MONTCALM ST,W 15TH AVE,3100,No,"3100 MONTCALM ST, Vancouver, BC, Canada"
28-Apr-10,ALMA ST,W 8TH AVE,0,No,"ALMA ST at W 8TH AVE, Vancouver, BC, Canada"
30-Apr-10,BALSAM ST,,2400,No,"2400 BALSAM ST, Vancouver, BC, Canada"
3-May-10,CAMBIE ST,W 8TH AVE,0,No,"CAMBIE ST at W 8TH AVE, Vancouver, BC, Canada"
4-May-10,TERMINAL AVE,STATION ST,0,No,"TERMINAL AVE at STATION ST, Vancouver, BC, Canada"
8-May-10,NW MARINE DR,,4700,No,"4700 NW MARINE DR, Vancouver, BC, Canada"
15-May-10,BURRARD ST,COMOX ST,0,No,"BURRARD ST at COMOX ST, Vancouver, BC, Canada"
15-May-10,BURRARD ST,HARWOOD ST,0,No,"BURRARD ST at HARWOOD ST, Vancouver, BC, Canada"
16-May-10,E 10TH AVE,,1500,No,"1500 E 10TH AVE, Vancouver, BC, Canada"
18-May-10,MAIN ST,TERMINAL AVE,0,No,"MAIN ST at TERMINAL AVE, Vancouver, BC, Canada"
20-May-10,ABBOTT ST,,600,No,"600 ABBOTT ST, Vancouver, BC, Canada"
22-May-10,DENMAN ST,,400,No,"400 DENMAN ST, Vancouver, BC, Canada"
24-May-10,E 27TH AVE,KAMLOOPS ST,0,No,"E 27TH AVE at KAMLOOPS ST, Vancouver, BC, Canada"
25-May-10,W 37TH AVE,MARGUERITE ST,0,No,"W 37TH AVE at MARGUERITE ST, Vancouver, BC, Canada"
25-May-10,MAIN ST,E HASTINGS ST,0,No,"MAIN ST at E HASTINGS ST, Vancouver, BC, Canada"
26-May-10,ADANAC ST,CLARK DR,0,No,"ADANAC ST at CLARK DR, Vancouver, BC, Canada"
27-May-10,DAVIE ST,,1000,No,"1000 DAVIE ST, Vancouver, BC, Canada"
27-May-10,,EXPO BLVD,0,No,"  at EXPO BLVD, Vancouver, BC, Canada"
27-May-10,BURRARD ST,W 7TH AVE,0,No,"BURRARD ST at W 7TH AVE, Vancouver, BC, Canada"
28-May-10,HOWE ST,DRAKE ST,0,No,"HOWE ST at DRAKE ST, Vancouver, BC, Canada"
29-May-10,GRANVILLE ST,NELSON ST,1000,No,"1000 GRANVILLE ST, Vancouver, BC, Canada"
3-Jun-10,E 59TH AVE,ROCKPOOLE DR,300,No,"300 E 59TH AVE, Vancouver, BC, Canada"
3-Jun-10,W 59TH AVE,CAMBIE ST,0,No,"W 59TH AVE at CAMBIE ST, Vancouver, BC, Canada"
5-Jun-10,INDUSTRIAL AVE,MAIN ST,200,No,"200 INDUSTRIAL AVE, Vancouver, BC, Canada"
5-Jun-10,SW MARINE DR,,5000,No,"5000 SW MARINE DR, Vancouver, BC, Canada"
5-Jun-10,W 15TH AVE,,0,No,"W 15TH AVE at  , Vancouver, BC, Canada"
5-Jun-10,COMMERCIAL DR,E 33RD AVE,0,No,"COMMERCIAL DR at E 33RD AVE, Vancouver, BC, Canada"
8-Jun-10,ALLISON RD,UNIVERSITY BLVD,0,No,"ALLISON RD at UNIVERSITY BLVD, Vancouver, BC, Canada"
8-Jun-10,W 8TH AVE,LARCH ST,0,No,"W 8TH AVE at LARCH ST, Vancouver, BC, Canada"
9-Jun-10,THURLOW ST,,700,No,"700 THURLOW ST, Vancouver, BC, Canada"
13-Jun-10,TRIUMPH ST,TEMPLETON DR,0,No,"TRIUMPH ST at TEMPLETON DR, Vancouver, BC, Canada"
14-Jun-10,CLARK DR,E 10TH AVE,0,No,"CLARK DR at E 10TH AVE, Vancouver, BC, Canada"
14-Jun-10,QUEBEC ST,,1100,No,"1100 QUEBEC ST, Vancouver, BC, Canada"
14-Jun-10,CARRALL ST,,0,No,"CARRALL ST at  , Vancouver, BC, Canada"
14-Jun-10,E 59TH AVE,MAIN ST,0,No,"E 59TH AVE at MAIN ST, Vancouver, BC, Canada"
17-Jun-10,DENMAN ST,DAVIE ST,0,No,"DENMAN ST at DAVIE ST, Vancouver, BC, Canada"
18-Jun-10,GRANVILLE ST,HELMCKEN ST,0,No,"GRANVILLE ST at HELMCKEN ST, Vancouver, BC, Canada"
18-Jun-10,MAIN ST,E 37TH AVE,0,No,"MAIN ST at E 37TH AVE, Vancouver, BC, Canada"
23-Jun-10,CAMBIE ST BRIDGE,,0,No,"CAMBIE ST BRIDGE at  , Vancouver, BC, Canada"
24-Jun-10,DUNSMUIR ST,SEYMOUR ST,600,No,"600 DUNSMUIR ST, Vancouver, BC, Canada"
25-Jun-10,W 10TH AVE,TOLMIE ST,0,No,"W 10TH AVE at TOLMIE ST, Vancouver, BC, Canada"
26-Jun-10,COMMERCIAL DR,,2200,No,"2200 COMMERCIAL DR, Vancouver, BC, Canada"
28-Jun-10,DUNSMUIR ST,HOMER ST,0,No,"DUNSMUIR ST at HOMER ST, Vancouver, BC, Canada"
28-Jun-10,W 4TH AVE,,3400,No,"3400 W 4TH AVE, Vancouver, BC, Canada"
29-Jun-10,CAMBIE ST,W 37TH AVE,0,No,"CAMBIE ST at W 37TH AVE, Vancouver, BC, Canada"
30-Jun-10,KINGSWAY,KNIGHT ST,0,No,"KINGSWAY at KNIGHT ST, Vancouver, BC, Canada"
30-Jun-10,INVERNESS ST,E 33RD AVE,0,No,"INVERNESS ST at E 33RD AVE, Vancouver, BC, Canada"
30-Jun-10,W 10TH AVE,FIR ST,0,No,"W 10TH AVE at FIR ST, Vancouver, BC, Canada"
2-Jul-10,W 10TH AVE,BIRCH ST,0,No,"W 10TH AVE at BIRCH ST, Vancouver, BC, Canada"
6-Jul-10,ROBSON ST,,1700,No,"1700 ROBSON ST, Vancouver, BC, Canada"
7-Jul-10,W 4TH AVE,HIGHBURY ST,0,No,"W 4TH AVE at HIGHBURY ST, Vancouver, BC, Canada"
8-Jul-10,CLARK DR,,300,No,"300 CLARK DR, Vancouver, BC, Canada"
9-Jul-10,BURRARD ST,W 7TH AVE,0,No,"BURRARD ST at W 7TH AVE, Vancouver, BC, Canada"
9-Jul-10,E 1ST AVE,VICTORIA DR,0,No,"E 1ST AVE at VICTORIA DR, Vancouver, BC, Canada"
11-Jul-10,STANLEY PARK DR,,550,No,"550 STANLEY PARK DR, Vancouver, BC, Canada"
15-Jul-10,WESBROOK MALL,FAIRVIEW AVE,0,No,"WESBROOK MALL at FAIRVIEW AVE, Vancouver, BC, Canada"
15-Jul-10,ONTARIO ST,E 8TH AVE,0,No,"ONTARIO ST at E 8TH AVE, Vancouver, BC, Canada"
15-Jul-10,W CORDOVA ST,,100,No,"100 W CORDOVA ST, Vancouver, BC, Canada"
16-Jul-10,BURRARD ST,W 3RD AVE,0,No,"BURRARD ST at W 3RD AVE, Vancouver, BC, Canada"
17-Jul-10,E HASTINGS ST,,0,No,"E HASTINGS ST at  , Vancouver, BC, Canada"
20-Jul-10,SW MARINE DR,,5000,No,"5000 SW MARINE DR, Vancouver, BC, Canada"
20-Jul-10,PRINCE ALBERT ST,E 7TH AVE,0,No,"PRINCE ALBERT ST at E 7TH AVE, Vancouver, BC, Canada"
21-Jul-10,ARBUTUS ST,CORNWALL AVE,0,No,"ARBUTUS ST at CORNWALL AVE, Vancouver, BC, Canada"
21-Jul-10,E 8TH AVE,QUEBEC ST,0,Yes,"E 8TH AVE at QUEBEC ST, Vancouver, BC, Canada"
22-Jul-10,BALSAM ST,CORNWALL AVE,0,No,"BALSAM ST at CORNWALL AVE, Vancouver, BC, Canada"
22-Jul-10,RUPERT ST,ADANAC ST,0,No,"RUPERT ST at ADANAC ST, Vancouver, BC, Canada"
25-Jul-10,W BROADWAY,MACDONALD ST,0,No,"W BROADWAY at MACDONALD ST, Vancouver, BC, Canada"
27-Jul-10,E PENDER ST,,100,No,"100 E PENDER ST, Vancouver, BC, Canada"
28-Jul-10,AGRONOMY RD,LOWER MALL,0,No,"AGRONOMY RD at LOWER MALL, Vancouver, BC, Canada"
28-Jul-10,CLARK DR,E BROADWAY,0,No,"CLARK DR at E BROADWAY, Vancouver, BC, Canada"
28-Jul-10,OSLER ST,W 70TH AVE,0,No,"OSLER ST at W 70TH AVE, Vancouver, BC, Canada"
29-Jul-10,MAIN ST,E GEORGIA ST,0,No,"MAIN ST at E GEORGIA ST, Vancouver, BC, Canada"
31-Jul-10,BURRARD ST BRIDGE,,0,No,"BURRARD ST BRIDGE at  , Vancouver, BC, Canada"
31-Jul-10,NW MARINE DR,TOLMIE ST,0,No,"NW MARINE DR at TOLMIE ST, Vancouver, BC, Canada"
3-Aug-10,E 11TH AVE,COMMERCIAL DR,0,No,"E 11TH AVE at COMMERCIAL DR, Vancouver, BC, Canada"
3-Aug-10,ST GEORGE ST,E 13TH AVE,0,No,"ST GEORGE ST at E 13TH AVE, Vancouver, BC, Canada"
7-Aug-10,GARDEN DR,E GEORGIA ST,0,No,"GARDEN DR at E GEORGIA ST, Vancouver, BC, Canada"
7-Aug-10,MELVILLE ST,BURRARD ST,0,No,"MELVILLE ST at BURRARD ST, Vancouver, BC, Canada"
8-Aug-10,COMOX ST,GILFORD ST,0,No,"COMOX ST at GILFORD ST, Vancouver, BC, Canada"
10-Aug-10,W 29TH AVE,CAMBIE ST,0,No,"W 29TH AVE at CAMBIE ST, Vancouver, BC, Canada"
11-Aug-10,OAK ST,W 41ST AVE,0,No,"OAK ST at W 41ST AVE, Vancouver, BC, Canada"
11-Aug-10,W BROADWAY,,3400,No,"3400 W BROADWAY, Vancouver, BC, Canada"
12-Aug-10,LAUREL ST,,2400,No,"2400 LAUREL ST, Vancouver, BC, Canada"
12-Aug-10,W 10TH AVE,SPRUCE ST,0,No,"W 10TH AVE at SPRUCE ST, Vancouver, BC, Canada"
14-Aug-10,JACKSON AVE,UNION ST,0,No,"JACKSON AVE at UNION ST, Vancouver, BC, Canada"
14-Aug-10,W 16TH AVE,CAMBIE ST,0,No,"W 16TH AVE at CAMBIE ST, Vancouver, BC, Canada"
15-Aug-10,BURRARD ST,W GEORGIA ST,0,No,"BURRARD ST at W GEORGIA ST, Vancouver, BC, Canada"
15-Aug-10,PRINCESS AVE,POWELL ST,0,No,"PRINCESS AVE at POWELL ST, Vancouver, BC, Canada"
16-Aug-10,W KENT AVE N,,300,No,"300 W KENT AVE N, Vancouver, BC, Canada"
17-Aug-10,W 10TH AVE,LAUREL ST,0,No,"W 10TH AVE at LAUREL ST, Vancouver, BC, Canada"
18-Aug-10,MAIN ST,E 10TH AVE,0,No,"MAIN ST at E 10TH AVE, Vancouver, BC, Canada"
18-Aug-10,SCOTIA ST,E 5TH AVE,0,No,"SCOTIA ST at E 5TH AVE, Vancouver, BC, Canada"
23-Aug-10,W 71ST AVE,GRANVILLE ST,0,No,"W 71ST AVE at GRANVILLE ST, Vancouver, BC, Canada"
25-Aug-10,HEMLOCK ST,W 10TH AVE,0,No,"HEMLOCK ST at W 10TH AVE, Vancouver, BC, Canada"
26-Aug-10,CYPRESS ST,W 6TH AVE,0,No,"CYPRESS ST at W 6TH AVE, Vancouver, BC, Canada"
26-Aug-10,,FRASER ST,0,No,"  at FRASER ST, Vancouver, BC, Canada"
27-Aug-10,EXPO BLVD,SMITHE ST,0,No,"EXPO BLVD at SMITHE ST, Vancouver, BC, Canada"
28-Aug-10,E 10TH AVE,,1800,No,"1800 E 10TH AVE, Vancouver, BC, Canada"
31-Aug-10,CLARK DR,E 1ST AVE,0,No,"CLARK DR at E 1ST AVE, Vancouver, BC, Canada"
1-Sep-10,BURRARD ST,COMOX ST,0,No,"BURRARD ST at COMOX ST, Vancouver, BC, Canada"
1-Sep-10,CAMBIE ST,W 57TH AVE,0,No,"CAMBIE ST at W 57TH AVE, Vancouver, BC, Canada"
2-Sep-10,E GEORGIA ST,MAIN ST,200,No,"200 E GEORGIA ST, Vancouver, BC, Canada"
3-Sep-10,BURRARD ST,W BROADWAY,0,No,"BURRARD ST at W BROADWAY, Vancouver, BC, Canada"
3-Sep-10,DUNBAR ST,W 39TH AVE,0,No,"DUNBAR ST at W 39TH AVE, Vancouver, BC, Canada"
5-Sep-10,BURRARD ST,DAVIE ST,0,No,"BURRARD ST at DAVIE ST, Vancouver, BC, Canada"
5-Sep-10,BLENHEIM ST,QUESNEL DR,0,No,"BLENHEIM ST at QUESNEL DR, Vancouver, BC, Canada"
7-Sep-10,ALDER ST,W 11TH AVE,0,No,"ALDER ST at W 11TH AVE, Vancouver, BC, Canada"
9-Sep-10,DALHOUSIE RD,ALLISON RD,0,No,"DALHOUSIE RD at ALLISON RD, Vancouver, BC, Canada"
10-Sep-10,HAMILTON ST,W HASTINGS ST,0,No,"HAMILTON ST at W HASTINGS ST, Vancouver, BC, Canada"
10-Sep-10,HARWOOD ST,,1300,No,"1300 HARWOOD ST, Vancouver, BC, Canada"
10-Sep-10,VICTORIA DR,E 39TH AVE,5500,No,"5500 VICTORIA DR, Vancouver, BC, Canada"
11-Sep-10,MAIN ST,E 2ND AVE,0,No,"MAIN ST at E 2ND AVE, Vancouver, BC, Canada"
12-Sep-10,SOPHIA ST,E 12TH AVE,0,No,"SOPHIA ST at E 12TH AVE, Vancouver, BC, Canada"
13-Sep-10,KEEFER ST,COLUMBIA ST,0,No,"KEEFER ST at COLUMBIA ST, Vancouver, BC, Canada"
14-Sep-10,W 10TH AVE,,2455,No,"2455 W 10TH AVE, Vancouver, BC, Canada"
16-Sep-10,DUNSMUIR ST,BEATTY ST,0,No,"DUNSMUIR ST at BEATTY ST, Vancouver, BC, Canada"
16-Sep-10,E 10TH AVE,,0,No,"E 10TH AVE at  , Vancouver, BC, Canada"
17-Sep-10,UNIVERSITY BLVD,,5100,No,"5100 UNIVERSITY BLVD, Vancouver, BC, Canada"
20-Sep-10,MAIN ST,E 50TH AVE,0,No,"MAIN ST at E 50TH AVE, Vancouver, BC, Canada"
21-Sep-10,KINGSWAY,,3300,No,"3300 KINGSWAY, Vancouver, BC, Canada"
21-Sep-10,PARKER ST,GEORGE ST,0,No,"PARKER ST at GEORGE ST, Vancouver, BC, Canada"
22-Sep-10,EXPO BLVD,CARRALL ST,0,No,"EXPO BLVD at CARRALL ST, Vancouver, BC, Canada"
22-Sep-10,GRANVILLE ST,,0,No,"GRANVILLE ST at  , Vancouver, BC, Canada"
23-Sep-10,EAST MALL,,2300,No,"2300 EAST MALL, Vancouver, BC, Canada"
23-Sep-10,E 12TH AVE,KINGSWAY,0,No,"E 12TH AVE at KINGSWAY, Vancouver, BC, Canada"
25-Sep-10,W PENDER ST,ABBOTT ST,0,No,"W PENDER ST at ABBOTT ST, Vancouver, BC, Canada"
28-Sep-10,POWELL ST,,300,No,"300 POWELL ST, Vancouver, BC, Canada"
29-Sep-10,BURRARD ST BRIDGE,,1499,No,"1499 BURRARD ST BRIDGE, Vancouver, BC, Canada"
1-Oct-10,E PENDER ST,,100,No,"100 E PENDER ST, Vancouver, BC, Canada"
1-Oct-10,W 8TH AVE,,3537,No,"3537 W 8TH AVE, Vancouver, BC, Canada"
1-Oct-10,,PENTICTON ST,0,No,"  at PENTICTON ST, Vancouver, BC, Canada"
2-Oct-10,E 15TH AVE,MAIN ST,0,No,"E 15TH AVE at MAIN ST, Vancouver, BC, Canada"
5-Oct-10,E 3RD AVE,MAIN ST,0,No,"E 3RD AVE at MAIN ST, Vancouver, BC, Canada"
5-Oct-10,W PENDER ST,HOMER ST,0,No,"W PENDER ST at HOMER ST, Vancouver, BC, Canada"
8-Oct-10,VICTORIA DR,E 13TH AVE,0,No,"VICTORIA DR at E 13TH AVE, Vancouver, BC, Canada"
11-Oct-10,UNIVERSITY BLVD,ACADIA RD,0,No,"UNIVERSITY BLVD at ACADIA RD, Vancouver, BC, Canada"
11-Oct-10,ROBSON ST,,1700,No,"1700 ROBSON ST, Vancouver, BC, Canada"
13-Oct-10,HORNBY ST,PACIFIC ST,1300,No,"1300 HORNBY ST, Vancouver, BC, Canada"
15-Oct-10,E 41ST AVE,,1800,No,"1800 E 41ST AVE, Vancouver, BC, Canada"
16-Oct-10,FIR ST,W BROADWAY,0,No,"FIR ST at W BROADWAY, Vancouver, BC, Canada"
16-Oct-10,BURRARD ST,,1300,No,"1300 BURRARD ST, Vancouver, BC, Canada"
16-Oct-10,FRASER ST,E 43RD AVE,5900,No,"5900 FRASER ST, Vancouver, BC, Canada"
17-Oct-10,ROBSON ST,NICOLA ST,0,No,"ROBSON ST at NICOLA ST, Vancouver, BC, Canada"
17-Oct-10,YUKON ST,W BROADWAY,0,No,"YUKON ST at W BROADWAY, Vancouver, BC, Canada"
18-Oct-10,LOUGHEED HWY,BOUNDARY RD,0,No,"LOUGHEED HWY at BOUNDARY RD, Vancouver, BC, Canada"
18-Oct-10,,MAIN ST,0,No,"  at MAIN ST, Vancouver, BC, Canada"
19-Oct-10,VICTORIA DR,KITCHENER ST,0,No,"VICTORIA DR at KITCHENER ST, Vancouver, BC, Canada"
20-Oct-10,CYPRESS ST,W 4TH AVE,0,No,"CYPRESS ST at W 4TH AVE, Vancouver, BC, Canada"
21-Oct-10,W 14TH AVE,OAK ST,0,No,"W 14TH AVE at OAK ST, Vancouver, BC, Canada"
21-Oct-10,BURRARD ST,,0,No,"BURRARD ST at  , Vancouver, BC, Canada"
24-Oct-10,NELSON ST,,1700,No,"1700 NELSON ST, Vancouver, BC, Canada"
26-Oct-10,BOUNDARY RD,MOSCROP ST,0,No,"BOUNDARY RD at MOSCROP ST, Vancouver, BC, Canada"
28-Oct-10,CAMBIE ST,W 60TH AVE,0,No,"CAMBIE ST at W 60TH AVE, Vancouver, BC, Canada"
28-Oct-10,MAIN ST,,4400,No,"4400 MAIN ST, Vancouver, BC, Canada"
28-Oct-10,MELVILLE ST,,1100,No,"1100 MELVILLE ST, Vancouver, BC, Canada"
30-Oct-10,E HASTINGS ST ONRAMP,,0,No,"E HASTINGS ST ONRAMP at  , Vancouver, BC, Canada"
31-Oct-10,E 49TH AVE,PRINCE EDWARD ST,0,No,"E 49TH AVE at PRINCE EDWARD ST, Vancouver, BC, Canada"
1-Nov-10,COMMERCIAL DR,E 5TH AVE,0,No,"COMMERCIAL DR at E 5TH AVE, Vancouver, BC, Canada"
2-Nov-10,W 5TH AVE,MANITOBA ST,0,No,"W 5TH AVE at MANITOBA ST, Vancouver, BC, Canada"
3-Nov-10,VICTORIA DR,,1000,No,"1000 VICTORIA DR, Vancouver, BC, Canada"
5-Nov-10,MAIN ST,,800,No,"800 MAIN ST, Vancouver, BC, Canada"
7-Nov-10,PIPELINE RD,STANLEY PARK DR,0,No,"PIPELINE RD at STANLEY PARK DR, Vancouver, BC, Canada"
7-Nov-10,WINDERMERE ST,,4300,No,"4300 WINDERMERE ST, Vancouver, BC, Canada"
8-Nov-10,BURRARD ST,PACIFIC ST,0,No,"BURRARD ST at PACIFIC ST, Vancouver, BC, Canada"
12-Nov-10,WESBROOK MALL,HAMPTON PL,0,No,"WESBROOK MALL at HAMPTON PL, Vancouver, BC, Canada"
12-Nov-10,ATHLETES WAY,MANITOBA ST,0,No,"ATHLETES WAY at MANITOBA ST, Vancouver, BC, Canada"
15-Nov-10,GRANVILLE ST,ROBSON ST,0,No,"GRANVILLE ST at ROBSON ST, Vancouver, BC, Canada"
16-Nov-10,DUNBAR ST,W 16TH AVE,0,No,"DUNBAR ST at W 16TH AVE, Vancouver, BC, Canada"
26-Nov-10,E HASTINGS ST,COMMERCIAL DR,0,No,"E HASTINGS ST at COMMERCIAL DR, Vancouver, BC, Canada"
30-Nov-10,BURRARD ST,,888,No,"888 BURRARD ST, Vancouver, BC, Canada"
1-Dec-10,ONTARIO ST,W 8TH AVE,0,No,"ONTARIO ST at W 8TH AVE, Vancouver, BC, Canada"
1-Dec-10,CARDERO ST,,900,No,"900 CARDERO ST, Vancouver, BC, Canada"
1-Dec-10,W 4TH AVE,TRIMBLE ST,0,No,"W 4TH AVE at TRIMBLE ST, Vancouver, BC, Canada"
3-Dec-10,E HASTINGS ST,,2400,No,"2400 E HASTINGS ST, Vancouver, BC, Canada"
5-Dec-10,E 33RD AVE,NANAIMO ST,0,No,"E 33RD AVE at NANAIMO ST, Vancouver, BC, Canada"
7-Dec-10,CORNWALL AVE,CYPRESS ST,0,No,"CORNWALL AVE at CYPRESS ST, Vancouver, BC, Canada"
7-Dec-10,E 48TH AVE,ELLIOTT ST,0,No,"E 48TH AVE at ELLIOTT ST, Vancouver, BC, Canada"
10-Dec-10,CLARK DR,E 13TH AVE,0,No,"CLARK DR at E 13TH AVE, Vancouver, BC, Canada"
10-Dec-10,ROBSON ST,NICOLA ST,0,No,"ROBSON ST at NICOLA ST, Vancouver, BC, Canada"
15-Dec-10,HOWE ST,HELMCKEN ST,0,No,"HOWE ST at HELMCKEN ST, Vancouver, BC, Canada"
15-Dec-10,DUNDAS ST,WALL ST,0,No,"DUNDAS ST at WALL ST, Vancouver, BC, Canada"
23-Dec-10,E 49TH AVE,TYNE ST,0,No,"E 49TH AVE at TYNE ST, Vancouver, BC, Canada"
